Title,Category
'Cá mập' PYN Elite Fund: Cổ phiếu công nghệ đang được định giá cao,Kinh doanh
"Quyết Chiến, Phương Vinh vượt qua vòng bảng billiard châu Á",Thể thao
"Cổ phiếu TPBank giảm mạnh, TPS nằm sàn",Kinh doanh
Nguyễn Thị Huyền: 'Tôi không ham hào quang showbiz',Giải trí
9 bộ phim giúp luyện tiếng Anh từ dễ đến khó,Giáo dục
Phong cách năng động của Hiếu Thứ Hai,Giải trí
Còn hai ngày đề cử Vietnam Game Awards 2025,Công nghệ
Đầu đạn 40 năm kẹt trong cột sống người đàn ông,Sức khỏe
Cuộc đua robot hình người Mỹ - Trung sang giai đoạn mới,Công nghệ
Djokovic vào tứ kết Miami Mở rộng,Thể thao
Đinh Hương: 'Tôi không cầu tiền tài',Giải trí
Mẹo giúp ngủ nhanh trong 5 phút,Sức khỏe
Cậu bé nhặt bóng trở thành người hùng khi Đức loại Italy,Thể thao
Có nên bỏ Kế toán để chuyển sang ngành STEM không?,Giáo dục
Lưu Diệc Phi diện váy 'nàng tiên xuân',Giải trí
Phát triển Đại học Bách khoa Hà Nội vào top 100 châu Á,Giáo dục
"Thêm 141 giáo viên bị truy thu, tính lãi vì nợ bảo hiểm",Giáo dục
Diễn đàn công nghệ VOZ thông báo ngừng hoạt động với người dùng Việt,Công nghệ
Nguyễn Ngọc Tư: 'Tôi tiếc những độc giả bỏ mình đi',Giải trí
"Quốc Hoàng thắng với cú 'nhảy bi, mượn má đá 9'",Thể thao
Argentina vùi dập Brazil trong ngày giành vé dự World Cup,Thể thao
Chế độ ăn giúp bác sĩ Mỹ đảo ngược 15 năm tuổi sinh học,Sức khỏe
Cặp sao Ukraine được ví như Vic-Beck,Giải trí
Google ra mô hình AI Gemma 3 'siêu nhẹ',Công nghệ
Tạ Đình Phong thu trăm triệu USD nhờ bán xúc xích,Giải trí
Tham vọng đưa AI vào cuộc sống của Trung Quốc,Công nghệ
Microsoft cảnh báo chiến dịch lừa đảo website đặt phòng,Công nghệ
Nhà khoa học của Đại học Duy Tân phát hiện loài rắn mới,Giáo dục
"Thiếu tướng Nguyễn Ngọc Cương: 'Chúng tôi muốn dữ liệu hóa nền kinh tế, xã hội'",Công nghệ
Ho ra đờm màu vàng có phải dấu hiệu bệnh?,Sức khỏe
Ferrari bị hủy kết quả tại Grand Prix Trung Quốc,Thể thao
"Giá xăng, dầu cùng tăng",Kinh doanh
Hệ lụy 'tình một đêm',Sức khỏe
Người đẹp Quảng Trị gây chú ý tại Hoa hậu Việt Nam,Giải trí
Lý do nhiều tài xế dịch vụ chuyển sang xe điện,Kinh doanh
Điểm thi đánh giá năng lực ĐH Quốc gia Hà Nội đợt 1 cao nhất 126/150,Giáo dục
'Chưa có tác phẩm đỉnh cao về đề tài chiến tranh',Giải trí
Chạy bộ có phải môn thể thao cho người giàu?,Thể thao
"Kẹo rau củ Kera bị phạt 125 triệu đồng, thu hồi sản phẩm",Sức khỏe
Ung thư vú ở nam giới,Sức khỏe
Nike chật vật tìm lại phong độ,Kinh doanh
Học sinh lo âu trước thay đổi xét tuyển đại học,Giáo dục
Huyền thoại Tour de France gây thất vọng ở lần đầu chạy half marathon,Thể thao
Nam sinh đỗ Đại học Johns Hopkins với nghiên cứu phát hiện tế bào ung thư,Giáo dục
6 món hỗ trợ cải thiện tiêu hóa,Sức khỏe
"Apple ra Mac Studio giá cao nhất 368,5 triệu đồng",Công nghệ
'ByteDance sẽ bán TikTok tại Mỹ trước thời hạn 5/4',Công nghệ
Những câu hỏi về vaccine não mô cầu nhóm B và BC,Sức khỏe
Đại kiện tướng bị cấm 2 năm vì giấu điện thoại trong toilet,Thể thao
"Haaland chơi một tuần, mua được 15 xe hơi",Thể thao
Biến đại dương thành công cụ thu giữ carbon,Kinh doanh
Phó chủ tịch VFF Trần Anh Tú rút đơn xin nghỉ,Thể thao
Mỹ nhân 'Chân Hoàn truyện' ly hôn,Giải trí
"Đề xuất giảm 2% thuế VAT với xăng dầu, máy giặt, lò vi sóng",Kinh doanh
Dấu hiệu con bạn thiếu vitamin,Sức khỏe
Chuyện tình nghệ sĩ Như Quỳnh và nhiếp ảnh gia,Giải trí
Tay vợt Philippines tạo địa chấn ở Miami Mở rộng,Thể thao
"MacBook Air 2025 ra mắt với chip M4, giá rẻ hơn",Công nghệ
'Khi cuộc đời cho bạn quả quýt',Giải trí
Người trồng khoai lang lãi lớn nhờ giá tăng gấp ba,Kinh doanh
Bé sơ sinh tắc ruột,Sức khỏe
Đổ đi mua vàng khi giá lập đỉnh 100 triệu đồng,Kinh doanh
Giá vàng thế giới chưa dứt chuỗi tăng kỷ lục,Kinh doanh
Phòng vé Trung Quốc ảm đạm sau cơn sốt 'Na Tra 2',Giải trí
Trường chuyên Khoa học xã hội và Nhân văn tăng môn thi vào lớp 10,Giáo dục
Mỹ nhân điền kinh Trung Quốc thừa nhận Olympic 'quá tầm',Thể thao
Đoàn phim tháo chạy vì hỏa hoạn,Giải trí
DeepSeek đang len lỏi trong đời sống thế nào,Công nghệ
Biến dạng cổ thiên nga ở ngón tay,Sức khỏe
Ký ức thời chiến qua tranh của Huỳnh Phương Đông,Giải trí
Bị ung thư phổi có ăn thịt gà được không?,Sức khỏe
Facebook sắp xóa video phát trực tiếp cũ tại Việt Nam,Công nghệ
Kỷ lục gia 15 tuổi bán đấu giá giày,Thể thao
Chàng trai gạt tự ti để thi Nam vương Campuchia,Giải trí
Lynk Lee và dàn người đẹp tại Hoa hậu Chuyển giới,Giải trí
Galaxy S25 Edge dự kiến giá 26 triệu đồng,Công nghệ
"Mèo nuôi nhốt trong nhà, khi cắn có cần tiêm ngừa?",Sức khỏe
Đại học Kiến trúc TP HCM bỏ một phương thức xét tuyển,Giáo dục
Internet di động Việt Nam vào top 20 thế giới,Công nghệ
Việt Nam - Luxembourg sẽ hợp tác xây dựng trung tâm tài chính quốc tế,Kinh doanh
Hamilton lần đầu thắng chặng nước rút F1,Thể thao
"Đạp xe 700 km đến sân, CĐV nhận trái đắng với tuyển Trung Quốc",Thể thao
ACB muốn chia cổ tức tiền mặt 10%,Kinh doanh
Đau họng do viêm họng và trào ngược có khác nhau?,Sức khỏe
Vì sao mắc sốt xuất huyết nhiều lần?,Sức khỏe
Schumacher không còn có thể giao tiếp bằng lời,Thể thao
10 tác phẩm văn học tiêu biểu của TP HCM 50 năm qua,Giải trí
Đại học Kinh tế Quốc dân sẽ mở phân hiệu 2,Giáo dục
Hậu vệ sinh năm 2006 phá kỷ lục của Rashford ở tuyển Anh,Thể thao
5 quả ăn thường xuyên hỗ trợ giảm cân,Sức khỏe
"Giảm 16 cm vòng eo, người phụ nữ 'lột xác'",Sức khỏe
Chồng Hồ Hạnh Nhi phủ nhận phản bội vợ,Giải trí
Ông Putin cảnh báo doanh nghiệp phương Tây khó quay lại Nga,Kinh doanh
Tòa án từ chối yêu cầu ngăn chặn OpenAI của Musk,Công nghệ
Garnacho được khuyên thôi bắt chước Ronaldo,Thể thao
CEO OpenAI: Lập trình viên phải học dùng AI hoặc mất việc,Công nghệ
Nhà sáng lập Signal chế giễu 'thảm họa' chat nhóm của Nhà Trắng,Công nghệ
Nông dân Đăk Lăk học làm than sinh học từ vỏ cacao,Kinh doanh
Thủ tướng đề xuất tập đoàn nước ngoài thúc đẩy chuyển giao công nghệ,Công nghệ
Giá vàng thế giới giảm mạnh,Kinh doanh
Tineco S9 Artist - máy hút bụi lau nhà có lực hút mạnh nhất,Công nghệ
Hai nữ sinh lớp 9 làm tóc giả từ lá dứa,Giáo dục
Dấu hiệu nhận biết nốt ruồi có nguy cơ ung thư,Sức khỏe
Báo giấy đầu tiên thực hiện hoàn toàn bằng AI,Công nghệ
Hai năm làm YouTuber giúp cô gái đỗ Đại học Thanh Hoa,Giáo dục
Chen chân chờ ba tiếng được mua nửa chỉ vàng,Kinh doanh
Hoạt hình 'Doraemon' hơn nửa thế kỷ chinh phục khán giả,Giải trí
Minh tinh 'Bến Thượng Hải' thu hút trên đường chạy marathon,Giải trí
Nhóm sinh viên làm than nén từ vỏ tỏi đầu tiên trên thế giới,Giáo dục
Thang Duy mặc đầm 'lá liễu ngày xuân',Giải trí
Chủ tịch Vikki Bank đăng ký bán hết cổ phiếu HDB,Kinh doanh
"CLB nữ TP HCM ngược dòng khó tin, vào bán kết giải châu Á",Thể thao
SK Group Hàn Quốc cân nhắc thoái vốn khỏi Vingroup và Masan,Kinh doanh
Thách thức khi phòng chống sốt xuất huyết trái mùa,Sức khỏe
Lợi ích của đậu nành với sức khỏe,Sức khỏe
Công nghệ giúp tăng tốc độ Internet cố định,Công nghệ
Thần đồng Philippines học cứu bóng như Nadal,Thể thao
Giá vàng quay đầu giảm nhẹ,Kinh doanh
Công ty liên quan ông Bùi Thành Nhơn đăng ký bán 5 triệu cổ phiếu Novaland,Kinh doanh
Tài tử Kieran Culkin - chậm lại để thấy đam mê,Giải trí
10 từ tiếng Anh phổ biến trong cộng đồng game,Giáo dục
Ứng dụng DeepSeek bị 'hạ bệ' trên App Store Trung Quốc,Công nghệ
Dàn cầu thủ Lào kiều chờ đấu Việt Nam,Thể thao
6 mẹo để có ảnh đẹp khi đi race,Thể thao
Trường Phổ thông Năng khiếu công bố lịch thi lớp 10,Giáo dục
Lý Băng Băng tận hưởng cuộc sống độc thân,Giải trí
100% thủ tục liên quan doanh nghiệp sẽ làm trực tuyến,Kinh doanh
"Giáo viên, phụ huynh chia sẻ về iSMART English Champion",Giáo dục
De Paul: 'Argentina mạnh nhất thế giới 6 năm qua',Thể thao
Demi Moore mừng sinh nhật chồng cũ,Giải trí
Hành trình Andreeva 'xé mác' thần đồng quần vợt,Thể thao
Ông Trump: TSMC sẽ đầu tư 100 tỷ USD xây 5 nhà máy tại Mỹ,Công nghệ
'Việt Nam muốn học kinh nghiệm phát triển khu thương mại tự do của Trung Quốc',Kinh doanh
EU lùi thời hạn áp thuế trả đũa Mỹ,Kinh doanh
Đại học Hà Nội thêm ba tổ hợp xét tuyển,Giáo dục
Giá vàng thế giới lên mức cao kỷ lục,Kinh doanh
Rò rỉ tham vọng tỷ USD của chủ kênh YouTube lớn nhất thế giới,Công nghệ
Thêm một AI của Trung Quốc gây sốt,Công nghệ
NUS đào tạo thạc sĩ ứng phó bệnh truyền nhiễm từ xa,Giáo dục
Chứng hoang tưởng,Sức khỏe
Vì sao ôtô điện được dùng dẫn tốc trong marathon,Thể thao
"Cặp ampli tiền tỷ của Devialet: ADH thế hệ mới, dát vàng 23K",Công nghệ
Những đại học Mỹ đào tạo Khoa học máy tính tốt nhất thế giới,Giáo dục
Tài tử Kim Soo Hyun kiện gia đình Kim Sae Ron,Giải trí
Hơn 190 giáo viên bị 'quên' nâng lương,Giáo dục
Barca nới rộng cách biệt với Real,Thể thao
Trung Quốc ra mắt quỹ đổi mới sáng tạo 11 tỷ USD,Công nghệ
Công ty mẹ Temu tăng trưởng chậm nhất 3 năm,Kinh doanh
Người trẻ bị run tay có nguy hiểm không?,Sức khỏe
Ronaldo: 'Tôi biết Bồ Đào Nha sẽ thắng sau khi hỏng phạt đền',Thể thao
Uống nước kiềm có phòng ngừa ung thư?,Sức khỏe
Đề xuất sàn bán online trừ thuế của người bán khi đơn hàng thành công,Kinh doanh
Lợi thế của Casper Việt Nam trong kinh doanh hè 2025,Kinh doanh
U quái buồng trứng khiến bụng to như mang thai 6 tháng,Sức khỏe
Trung Quốc vượt Mỹ về số lượng nghiên cứu chip thế hệ mới,Công nghệ
Nở rộ dịch vụ thuê robot hình người,Công nghệ
Minh tinh Gal Gadot nhận sao Đại lộ Danh vọng,Giải trí
Vivo ra kính thực tế hỗn hợp giống Apple Vision Pro,Công nghệ
U22 Trung Quốc - U22 Việt Nam: Tranh ngôi vô địch,Thể thao
Sốc nhiễm khuẩn sau ăn tiết canh vịt,Sức khỏe
Dự kiến 20% thanh niên 15-25 tuổi học nghề,Giáo dục
Mở đăng ký chương trình tìm kiếm dự án game tiềm năng 2025,Công nghệ
Cơ thủ Quốc Hoàng 'chết cái' trước bi 9,Thể thao
'Biết rộng để hiểu sâu' - tư duy linh hoạt,Giải trí
Vinicius được ca ngợi 'giải cứu' tuyển Brazil,Thể thao
Gwyneth Paltrow chi 60.000 USD mua áo len,Giải trí
Winsler 70W Ultra Slim - củ sạc laptop mỏng nhẹ thương hiệu Việt,Công nghệ
CLB nữ TP HCM nhận hơn 10 tỷ đồng nhờ vào bán kết châu Á,Thể thao
Nền tảng của 'tư duy phản biện',Giải trí
Dừa khô tăng giá kỷ lục lên gần 200.000 đồng một chục,Kinh doanh
5 món dễ gây trào ngược dạ dày buổi sáng,Sức khỏe
Đại học Sài Gòn dự kiến cho thí sinh chọn môn để xét tuyển,Giáo dục
Techcombank cùng đối tác lập công ty bảo hiểm nhân thọ,Kinh doanh
Lần đầu có chương trình trao đổi sinh viên với Đại học Thanh Hoa,Giáo dục
Nguy cơ ngộ độc từ thực phẩm đóng hộp không đạt chuẩn,Sức khỏe
Cậu bé 9 tuổi đỗ kỳ thi thợ điện quốc gia,Giáo dục
"Hiểm họa từ chế độ ăn nhiều protein, ít calo",Sức khỏe
"Melo: 'Với một chân, Neymar vẫn là cầu thủ hay nhất Brazil'",Thể thao
Kinh tế toàn cầu dự báo chậm lại,Kinh doanh
Uống nhiều trà sữa hại thận?,Sức khỏe
Vinamilk lần đầu áp dụng công nghệ dinh dưỡng thông minh từ châu Âu,Kinh doanh
Sông nào ở Việt Nam có nhiều cầu bắc qua nhất?,Giáo dục
Harvard miễn học phí cho nhóm thu nhập dưới 200.000 USD,Giáo dục
Elon Musk lắp PC chơi game tại văn phòng DOGE,Công nghệ
Tetra Pak ra mắt dòng bao thực phẩm chịu nhiệt trên 100 độ C,Kinh doanh
Binance bị 'bão' một sao vì chưa niêm yết Pi,Công nghệ
Phong cách hài hước của tài tử Ma Dong Seok,Giải trí
20 đại học Mỹ đến Việt Nam tìm cơ hội hợp tác,Giáo dục
Doanh nghiệp nhà Masan muốn trả cổ tức bằng tiền tỷ lệ 480%,Kinh doanh
Việt Nam xếp nhì toàn đoàn World Cup cầu mây,Thể thao
iPhone 16 chật vật trở lại thị trường Indonesia,Công nghệ
Ca sĩ Sia ly hôn,Giải trí
"Hiếu PC, Chim Sẻ Đi Nắng tham gia đội hình 'Bình dân học vụ số'",Giáo dục
Người phụ nữ nặng 110 kg xuất huyết não sau uống rượu,Sức khỏe
"Hạ Thái Lan, Việt Nam lách qua cửa hẹp ở giải bóng rổ châu Á",Thể thao
Soobin Hoàng Sơn được vinh danh Gương mặt trẻ Việt Nam tiêu biểu,Giáo dục
Hơn 3.000 bài thi về an toàn giao thông của học sinh và giáo viên,Giáo dục
ĐH Bách khoa Hà Nội bỏ chia chỉ tiêu theo phương thức xét tuyển,Giáo dục
John Lennon được vinh danh trên đồng xu Anh,Giải trí
Cầu mây Việt Nam lần đầu vô địch World Cup,Thể thao
Vì sao viêm teo niêm mạc dạ dày?,Sức khỏe
Liveshow Bức Tường - 30 năm 'tâm hồn của rock',Giải trí
Hai đại học quốc gia thuộc quản lý của Bộ Giáo dục và Đào tạo,Giáo dục
Tổng Bí thư: 'Khẩn trương ban hành danh mục công nghệ chiến lược',Công nghệ
Ba giáo viên mầm non bị buộc thôi việc vì đánh trẻ,Giáo dục
Robot hình người chuẩn bị bữa sáng,Công nghệ
Gu mặc đời thường của bạn gái Leonardo DiCaprio,Giải trí
Những bước tiến trong hạ tầng số Việt Nam,Công nghệ
Trường Đại học Bách khoa TP HCM ký hợp tác toàn diện với Marvell,Giáo dục
Hơn 50% số kỹ sư vi mạch bán dẫn tốt nghiệp từ ĐH Quốc gia TP HCM,Giáo dục
Hoàng Thùy Linh: 'Tôi đối diện và chuyển hóa nỗi sợ',Giải trí
Ai dễ mắc sốt xuất huyết?,Sức khỏe
Trung Quốc đặt cược với chính sách khuyến sinh bằng tiền mặt,Sức khỏe
Thái Lan thắng dễ trận làm nóng trước vòng loại Asian Cup,Thể thao
HLV Lào: 'Chúng tôi sẽ không để Việt Nam thắng dễ',Thể thao
Thủ tướng: Việt Nam phấn đấu có thêm 1 triệu doanh nghiệp đến 2030,Kinh doanh
Thẩm phán chặn chính quyền Trump đóng băng 14 tỷ USD tài trợ khí hậu,Kinh doanh
"Quyết Chiến, Thành Tiến vào bán kết billiard châu Á",Thể thao
VSIP lãi gần 9 tỷ đồng mỗi ngày,Kinh doanh
Bộ Giáo dục dự kiến 75 ngành đào tạo bán dẫn,Giáo dục
Mbappe từ bỏ 270 triệu USD để gia nhập Real,Thể thao
Đại học Kinh tế - Tài chính TP HCM bắt buộc môn Văn trong xét tuyển,Giáo dục
Sao Việt biến ga Metro thành 'sàn catwalk',Giải trí
Quốc gia nào hạnh phúc nhất Đông Nam Á?,Giáo dục
Ý Nhi bảo lưu việc học ở Australia để thi Miss World,Giải trí
Ngọc Yến - từ ác mộng dây chằng đến kỳ tích World Cup cầu mây,Thể thao
Đồng TRUMP tăng vọt khi Tổng thống Mỹ khen 'tốt nhất trong tiền số',Kinh doanh
TP HCM sẽ giảm 30% thủ tục cho doanh nghiệp,Kinh doanh
Những thực phẩm lên men giúp tóc chắc khỏe,Sức khỏe
Ngoại hạng Anh lần đầu có 2 kỳ chuyển nhượng mùa hè,Thể thao
Phó chủ tịch Marvell: Sinh viên bán dẫn cần 2-3 năm ở doanh nghiệp mới làm được việc,Giáo dục
'Căn cứ' đào tạo robot hình người lớn nhất thế giới,Công nghệ
Phim 'Nàng Bạch Tuyết' nhận mưa lời khen,Giải trí
Fundiin 'bắt tay' Visa nâng cấp mô hình chấm điểm tín dụng,Kinh doanh
Thủ tướng đề nghị Tatarstan xây nhà máy sản xuất ôtô Kamaz tại Việt Nam,Kinh doanh
Nền tảng 'Bình dân học vụ số' phổ cập về chuyển đổi số,Công nghệ
Những góc khuất trong nhà nơi muỗi vằn sinh sôi,Sức khỏe
"Indonesia hạ Bahrain, sáng cửa đi tiếp ở vòng loại World Cup",Thể thao
Apple lỗ hơn một tỷ USD mỗi năm để cạnh tranh Netflix,Công nghệ
CEO Samsung qua đời,Công nghệ
Mỹ nhân 'Vườn sao băng' ly hôn,Giải trí
Dự kiến 20% thanh niên 15-25 tuổi học nghề,Giáo dục
Tiêu cơ vân do tập squat quá sức,Sức khỏe
Y tá bị buộc tội đầu độc bạn thân để trục lợi bảo hiểm,Sức khỏe
Dàn Anh trai say hi 'bùng nổ' ở concert thứ 5,Giải trí
Sức lan tỏa của MV 'Bắc Bling',Giải trí
'ByteDance sẽ bán TikTok tại Mỹ trước thời hạn 5/4',Công nghệ
HLV Kluivert: 'Indonesia thua do lỗi cá nhân',Thể thao
Tiền vào chứng khoán thấp nhất một tháng,Kinh doanh
Djokovic cân bằng kỷ lục Masters 1000 của Nadal,Thể thao
Giảm 15 kg trong ba tháng để thụ tinh ống nghiệm,Sức khỏe
Ông Đỗ Anh Tú từ chức tại TPBank và TPS,Kinh doanh
Djokovic xô đổ kỷ lục của Nadal,Thể thao
HLV Kluivert: 'Nhìn tuyển Indonesia chỉ thấy tương lai tươi sáng',Thể thao
Thái Lan hạ đội đứng thứ 200 FIFA nhờ bàn thắng tranh cãi,Thể thao
10 mẫu túi biểu tượng được phụ nữ khao khát đầu năm,Giải trí
Giới chức Trung Quốc trấn an doanh nghiệp ngoại,Kinh doanh
'Bất lực hoàn toàn' sau uống rượu ngâm cao trăn,Sức khỏe
Cách học giúp nữ sinh đạt 8.0 IELTS ngay lần thi đầu tiên,Giáo dục
HDBank tiếp tục hạ lãi suất vay mua nhà,Kinh doanh
"Doanh nghiệp tư nhân muốn được trợ vốn, tiếp cận đất như nhà nước",Kinh doanh
Mở cổng bình chọn vòng Sơ loại Vietnam Game Awards 2025,Công nghệ
Sếp cũ Prudential làm Tổng giám đốc bảo hiểm FWD Việt Nam,Kinh doanh
Yamal mừng bàn đáp trả danh thủ Hà Lan,Thể thao
Việt Nam quyết thắng đậm ngày ra quân vòng loại Asian Cup,Thể thao
Loạt sản phẩm 'tương lai' tại triển lãm di động lớn nhất thế giới,Công nghệ
Giá iPhone 16 Pro Max 'chạm đáy mới',Công nghệ
Runner nữ bị ung thư vú chạy ngực trần gây quỹ từ thiện,Thể thao
Mỹ thêm hàng chục công ty Trung Quốc vào danh sách đen,Kinh doanh
Ba dấu hiệu điển hình của sởi,Sức khỏe
Đề xuất dán nhãn sản phẩm công nghệ do AI tạo ra,Công nghệ
Đề xuất tạo thuận lợi cho giáo viên mầm non nghỉ hưu sớm,Giáo dục
FPT cất nóc tổ hợp giáo dục tại Huế,Giáo dục
Học sinh đi học cách nhà không quá 7 km,Giáo dục
Nguyên nhân gây cứng khớp,Sức khỏe
Giành học bổng vào đại học top 5 Mỹ với bài luận về AI giả người yêu,Giáo dục
Nữ sinh tốt nghiệp thủ khoa Đại học Giao thông vận tải,Giáo dục
iPhone Fold 'giá 2.000 USD nhưng không có FaceID',Công nghệ
Thiết kế game giúp nam sinh thành á khoa đồ án tốt nghiệp,Giáo dục
Mỗi hộ dân California sắp nhận 137 USD tín dụng khí hậu,Kinh doanh
Facebook thêm lựa chọn 'quay về nguyên bản',Công nghệ
Silicon vón cục đẩy lên lưng sau chi 50 triệu nâng vòng ba,Sức khỏe
Nhân viên IT tạo 'công tắc' tắt hệ thống khi bị sa thải,Công nghệ
Thời trang sánh đôi của vợ chồng Quỳnh Lương,Giải trí
'Quỷ nhập tràng' là phim kinh dị Việt ăn khách nhất,Giải trí
Mỹ nhân Hoa hậu Hoàn vũ Việt Nam hội tụ,Giải trí
Mỹ nhân 'Giày thủy tinh' ghi điểm với phong cách thanh lịch,Giải trí
Bộ trưởng Xây dựng yêu cầu 'Vicem năm nay phải quyết tâm có lãi',Kinh doanh
Trường chuyên Sư phạm đổi cách tính điểm xét tuyển lớp 10,Giáo dục
Xiaomi Pad 7 - máy tính bảng tầm trung tích hợp AI,Công nghệ
HLV Kim Sang-sik: 'Tiến Linh sẽ thay thế tốt Xuân Son',Thể thao
"Hằng Du Mục, Quang Linh Vlogs bị phạt 140 triệu đồng do quảng cáo sai sự thật",Kinh doanh
Tặng vé xem phim Đài Loan 'Thiếu nữ ánh trăng',Giải trí
"150 nhà máy nhiệt điện, xi măng dự kiến được phân bổ hạn ngạch khí thải",Kinh doanh
HLV Kluivert bị xem là 'con rối' ở đội tuyển Indonesia,Thể thao
"Những ngành, chương trình học hiếm trường đào tạo",Giáo dục
"Lối sống 'nhanh, tiện, rẻ' bào mòn sức khỏe tiêu hóa",Sức khỏe
Kế hoạch huy động 10.000 tỷ euro trong dân của châu Âu,Kinh doanh
Nỗ lực giảm cân để thụ tinh ống nghiệm thành công,Sức khỏe
Thiếu vi chất - thách thức lớn nhất với trẻ em Việt,Sức khỏe
Tranh vua Hàm Nghi trưng bày tại điện Kiến Trung,Giải trí
"Bộ Tài chính tính giảm thuế nhập khẩu ưu đãi ôtô, khí LNG",Kinh doanh
Ăn uống kém lành mạnh đẩy nhanh ung thư đại tràng,Sức khỏe
Người châu Á ngại mua vàng cưới vì giá tăng cao,Kinh doanh
Phim 'Quỷ nhập tràng' vượt 100 tỷ đồng,Giải trí
Nước nào có lò phản ứng hạt nhân đầu tiên ở Đông Nam Á?,Giáo dục
Bé 8 tuổi bị trầm cảm,Sức khỏe
Nhà đầu tư thận trọng hơn về giá vàng tuần này,Kinh doanh
Internet vệ tinh của Musk đang được sử dụng thế nào,Công nghệ
Ăn bưởi giải rượu được không?,Sức khỏe
Trò chơi Pokemon Go thuộc về công ty Arab Saudi,Công nghệ
Thủ môn Argentina tâng bóng châm chọc Brazil,Thể thao
Hai người bị khởi tố vì làm hồ sơ 'gian lận tuổi' cho cầu thủ Sông Lam Nghệ An,Thể thao
Xanh SM và VinClub triển khai liên kết tài khoản tự động,Kinh doanh
Lãnh đạo Phát Đạt nói về vụ thao túng giá cổ phiếu,Kinh doanh
Công nghệ tối ưu hiệu quả lọc nước trên máy New eSpring,Công nghệ
Kháng insulin gây mụn trứng cá thế nào,Sức khỏe
Cuộc sống hiện tại của dàn diễn viên 'Về nhà đi con',Giải trí
Đề xuất tăng mức hỗ trợ đóng BHYT cho học sinh lên tối thiểu 50%,Sức khỏe
Nhật Bản giữ nguyên lãi suất ở mức gần 0%,Kinh doanh
Mỹ nhân 'Cỗ máy thời gian' bán hàng mưu sinh,Giải trí
Công ty lâu đời nhất Canada gặp khó sau 350 năm,Kinh doanh
Dấu ấn cảm xúc ở concert 'Anh trai vượt ngàn chông gai',Giải trí
Mỗi lượng vàng đảo chiều giảm hơn 3 triệu đồng,Kinh doanh
Sởi tấn công người lớn,Sức khỏe
Đức thu lợi gấp 8 lần vốn đầu tư cho du học sinh,Giáo dục
'Khó dỗ dành' - dư vị tình đầu,Giải trí
CEO Bybit: Chúng tôi được kỹ sư Việt 'hàng đầu thế giới' hỗ trợ,Công nghệ
Nhiều người chơi thất vọng khi giá Pi xuống dưới một USD,Công nghệ
Andreeva bị nguyền rủa sau một trận thua ở Miami Mở rộng,Thể thao
Diễn viên xin lỗi vì đi xe cứu thương đến sự kiện,Giải trí
Concert 3 'bùng cháy' của Anh trai vượt ngàn chông gai,Giải trí
'Adolescence' gây sốt,Giải trí
Djokovic phá kỷ lục của Federer,Thể thao
Lynk Lee mặc xuyên thấu lên thảm đỏ cùng dàn hoa hậu,Giải trí
Những bệnh HPV gây ra ở nam giới,Sức khỏe
Học sinh lớp 8 chế tạo hệ thống phân loại rác bằng AI,Giáo dục
Dàn sao tuyển Pháp chưng diện ngày hội quân,Giải trí
20 trường quân đội dự kiến sơ tuyển từ 25/3,Giáo dục
Hai tháng nỗ lực cứu người nhiễm trùng nặng van tim,Sức khỏe
Minh tinh phim 'Rosetta' qua đời ở tuổi 44,Giải trí
Fed tiếp tục giữ nguyên lãi suất,Kinh doanh
Leonardo DiCaprio hợp tác đạo diễn được đề cử 11 giải Oscar,Giải trí
Chật vật tìm lại ví khi tiền ảo Pi có giá,Công nghệ
Miss Universe 2019 diện đầm NTK Việt trong lễ cưới,Giải trí
Dấu hiệu giảm dự trữ buồng trứng gây vô sinh,Sức khỏe
Váy áo đơn sắc của Á hậu Ngọc Thảo,Giải trí
4 cơ chế gây ung thư của rượu bia,Sức khỏe
"Giáo viên bị truy thu, tính lãi hơn 4,6 tỷ đồng bảo hiểm",Giáo dục
Man Utd đổi tên cầu thủ,Thể thao
Có nên mua máy giặt mini?,Công nghệ
Sắc vóc gây 'sốt' của Kim Hye Soo,Giải trí
Tiền vệ Nhật Bản tham vọng vô địch World Cup 2026,Thể thao
Thái Lan chật vật giữ 'ngôi vương' sầu riêng,Kinh doanh
TS Christopher Nguyễn: Việt Nam đứng trước cơ hội nghìn năm có một,Công nghệ
SuperNode của Pi Network bị nghi ngờ tính phi tập trung,Công nghệ
"Trương Minh Cường: 'Tôi thất bại, làm lại từ số không'",Giải trí
Elon Musk: X bị tấn công mạng toàn cầu,Công nghệ
Thai phụ uống cacao được không?,Sức khỏe
'Nhảy việc vì mục tiêu ngắn hạn sẽ không bao giờ làm được việc lớn',Giáo dục
Barca có thể bị xử thua 0-3 ở La Liga,Thể thao
Bamboo Capital có chủ tịch mới sau khi người tiền nhiệm qua đời,Kinh doanh
"Hoa khôi, á khôi nổi bật tại Hoa hậu Việt Nam",Giải trí
Thanh khoản chứng khoán thấp nhất 3 tuần,Kinh doanh
Phòng vé Trung Quốc ảm đạm sau cơn sốt 'Na Tra 2',Giải trí
Xây dựng bộ dữ liệu tiếng Việt mã nguồn mở phục vụ AI,Công nghệ
Đương kim kỷ lục gia half marathon ra mắt tại London Marathon,Thể thao
Phân biệt 'thực dụng' và 'thực tế' trong tiếng Anh,Giáo dục
Đại học nào từng có 6 bác sĩ người Pháp làm hiệu trưởng?,Giáo dục
'Chim công' Dương Lệ Bình múa trong biệt thự đầy hoa,Giải trí
'Đổi mới sáng tạo không phải lựa chọn mà là yếu tố sống còn',Công nghệ
Linh kiện iPhone 17 Pro 'lộ từ nhà máy',Công nghệ
Mark Zuckerberg và vợ khoe kính thông minh mới,Công nghệ
Làm gì ở Huế sau khi hoàn thành VnExpress Marathon,Thể thao
Vùng nào có tỷ lệ ly hôn cao nhất nước?,Giáo dục
Alvarez đòi sửa luật đá 11m,Thể thao
Nữ sinh duy nhất là gương mặt trẻ tiêu biểu toàn quân,Giáo dục
Vietnam Game Awards 2025 thêm hai giải thưởng cho game Việt,Công nghệ
5 quả giàu chất xơ giúp giảm cholesterol,Sức khỏe
Tuyển sai hàng trăm học sinh vào trường nội trú,Giáo dục
Chi hàng nghìn USD tiêm hormone tăng chiều cao cho con,Sức khỏe
Ralph Fiennes - 'ông hoàng' vai phản diện,Giải trí
Mạng lưới đại học Việt Nam đến năm 2030 như thế nào,Giáo dục
Các đại học thay đổi phương án xét tuyển năm 2025 thế nào?,Giáo dục
Agassi thể hiện tài nghệ pickleball trước khán giả Việt Nam,Thể thao
Lưu Hiểu Khánh: 'Làm đàn ông khó lắm',Giải trí
Bào ngư Việt giá rẻ hút khách,Kinh doanh
VAS đưa AI vào giảng dạy học sinh lớp 1 - 12,Giáo dục
'Tiền cọc' lớp 10 trường tư lên tới hơn 110 triệu đồng,Giáo dục
Đề xuất miễn thuế 3 năm cho hộ kinh doanh lên doanh nghiệp,Kinh doanh
Quốc Hoàng thắng khi đối thủ 'đánh trượt 9' ở Premier League Pool,Thể thao
Bệnh chồng bệnh gây vô sinh,Sức khỏe
Startup chuyển đổi số bằng AI được đầu tư triệu USD,Công nghệ
Thép Pomina tiếp tục lỗ gần nghìn tỷ,Kinh doanh
Thói quen thường gặp khiến bạn đau lưng?,Sức khỏe
Cơ thủ Quốc Hoàng đau lòng khi bị chê 'mất mặt quốc gia',Thể thao
"VNDirect muốn thoái vốn khỏi chủ chuỗi King BBQ, Thái Express",Kinh doanh
Malaysia đứng sau Việt Nam ở vòng loại Asian Cup,Thể thao
Số lập trình viên máy tính ở Mỹ giảm 'bằng năm 1980',Công nghệ
Haaland giúp Na Uy ra quân đại thắng ở vòng loại World Cup,Thể thao
CEO Telegram rời Pháp,Công nghệ
Tiểu Vy diễn kịch về Quảng Nam,Giải trí
Giải pháp luyện thi PTE cho người bận rộn,Giáo dục
Tay vợt Philippines tạo lịch sử ở Miami Mở rộng,Thể thao
'Canh bạc AI' và tương lai của trí tuệ nhân tạo,Giải trí
"Chọn Sư phạm Văn, Du lịch hay Báo chí dễ có việc ổn định hơn?",Giáo dục
Chủ tịch Tổng công ty địa ốc Sài Gòn chi 800 tỷ đồng mua cổ phiếu,Kinh doanh
Argentina hạ Uruguay trong ngày vắng Messi,Thể thao
Chuông Ngọ Môn - biểu tượng vương triều Nguyễn,Giải trí
Nghìn fan mặc đồ truyền thống đi xem 'Anh trai vượt ngàn chông gai',Giải trí
Việt Nam đặt mục tiêu một triệu sinh viên ngành STEM năm 2030,Giáo dục
Từng mắc quai bị có vô sinh không?,Sức khỏe
Vietnam Game Awards 2025 nhận hơn 100 đề cử sau một tuần,Công nghệ
Tranh luận về hai ngày nghỉ cuối tuần của học sinh Trung Quốc,Giáo dục
Andre Agassi: 'Tiềm năng pickleball Việt Nam rất lớn',Thể thao
Khi chạy bộ trở thành liệu pháp 'chữa lành',Thể thao
Bệnh viện AIH miễn phí 1.000 lượt khám ung thư,Sức khỏe
Fed lỗ lớn năm thứ 2 liên tiếp,Kinh doanh
TotalEnergies ký hợp tác tái chế dầu động cơ tại Việt Nam,Kinh doanh
Các hạng mục nhiều bình chọn tại Vietnam Game Awards tuần đầu,Công nghệ
"MobiFone triển khai 5G, giá từ 80.000 đồng",Công nghệ
Ông Trump áp thuế 25% với các nước mua dầu Venezuela,Kinh doanh
'Quả ngọt' sau 15 năm vào Nam ra Bắc chữa vô sinh,Sức khỏe
Nữ tiến sĩ nhận huân chương Cành cọ Hàn lâm,Giáo dục
Mỗi lượng vàng giảm thêm vài trăm nghìn đồng,Kinh doanh
Hungary sẵn sàng giúp đào tạo 1.000 chuyên gia vận hành điện hạt nhân,Kinh doanh
Giá vàng đắt gấp đôi sau chưa tới 3 năm,Kinh doanh
Người đàn ông khỏe mạnh đột ngột nhồi máu cơ tim,Sức khỏe
Phó thủ tướng mời 1.400 doanh nghiệp Luxembourg đầu tư tại Việt Nam,Kinh doanh
Con trai Ronaldo có thể chọn thi đấu cho 5 đội tuyển,Thể thao
AI Agent thay đổi cách tương tác trên Internet thế nào,Công nghệ
Nữ sinh lọt top điểm Toán THCS cao nhất thế giới,Giáo dục
"TP HCM bố trí học sinh lớp 1, 6 học gần nhà",Giáo dục
AI đạt điểm tuyệt đối đề Toán cao cấp trong 5 phút,Giáo dục
'Nickel Boys' - bi kịch trong trường giáo dưỡng,Giải trí
Ngành xe hơi lo ngại vì thuế của ông Trump,Kinh doanh
Hành trình đưa nữ sinh đến học bổng tiến sĩ trường top 8 thế giới,Giáo dục
Nam sinh đạt điểm SAT tuyệt đối sau bốn lần thi,Giáo dục
Ngày ấy - bây giờ của 13 sao nhí Hàn Quốc,Giải trí
Nhà máy điện hạt nhân duy nhất Đông Nam Á ở nước nào?,Giáo dục
"Xiaomi sắp bán điều hòa, tủ lạnh tại Việt Nam",Công nghệ
Scaloni: 'Đừng khiến Messi phát điên về World Cup 2026',Thể thao
Trường đại học thay đổi đào tạo trước thách thức từ AI,Giáo dục
Giới trẻ khoe phong cách ở Tuần thời trang sinh viên,Giải trí
Câu hỏi giúp nữ tướng AMD chèo lái công ty 162 tỷ USD,Công nghệ
Lễ vu quy của diễn viên Quỳnh Lương,Giải trí
Ho dai dẳng do trào ngược dạ dày,Sức khỏe
Áo dài tôn vẻ đài các của Đặng Thu Thảo,Giải trí
Chiến lược đầu tư cho Esports chuyên nghiệp của Hanwha Life,Kinh doanh
Làm giả văn bản giám đốc trung tâm y tế duyệt 'cấp kinh phí' hơn 600 triệu đồng,Sức khỏe
Kỹ sư máy tính rẽ hướng làm thầy giáo mầm non,Giáo dục
"Hiếu PC, Chim Sẻ Đi Nắng tham gia đội hình 'Bình dân học vụ số'",Giáo dục
Nhan sắc được khen ‘trẻ hơn tuổi thật’ của Eva Longoria,Giải trí
Trường Đại học Hồng Bàng khởi động chuỗi ngày hội khởi nghiệp,Giáo dục
Bộ Tài chính vẫn muốn áp thuế tiêu thụ đặc biệt với xăng,Kinh doanh
Bóng đá Brazil bết bát thế nào từ 2021,Thể thao
Người đàn ông cao nhất thế giới cao bao nhiêu?,Giáo dục
Cậu học trò 10 tuổi gây sốt khi hát dân ca,Giáo dục
Loạt đại học tỏa ra các tỉnh mở cơ sở mới,Giáo dục
Công ty mẹ Google mua startup an ninh mạng giá 32 tỷ USD,Kinh doanh
Juventus sa thải HLV Motta,Thể thao
Nước nào có cây cầu dài nhất Đông Nam Á,Giáo dục
Ca sĩ gốc Việt Tuimi: 'Âm nhạc giúp tôi kết nối quê hương',Giải trí
Những cổ phiếu sinh lời tốt hơn vàng,Kinh doanh
6 cách làm tăng 'hormone hạnh phúc',Sức khỏe
Canada dọa sớm đáp trả thuế xe hơi của Mỹ,Kinh doanh
Real tiến sát việc tuyển mộ Alexander‑Arnold,Thể thao
Chủ tịch CLB Thanh Hóa áp lực khi chia tay HLV Popov,Thể thao
Thủ tướng đề nghị Pháp hợp tác trong các dự án giao thông chiến lược,Kinh doanh
Giá iPhone gập có thể từ 2.300 USD,Công nghệ
5 bệnh dễ mắc mùa nắng nóng,Sức khỏe
Sức hút của 'Interstellar',Giải trí
"Thập tử nhất sinh sau khi nhịn ăn, uống nước kiềm chữa bệnh",Sức khỏe
Apple phát triển đồng hồ màn hình gập,Công nghệ
Hàng nghìn iPhone bị đánh cắp trước hiên nhà thế nào,Công nghệ
7 cơ chế đặc biệt tạo đột phá phát triển khoa học công nghệ,Công nghệ
Những thực phẩm giàu chất chống oxy hóa giúp giảm cân,Sức khỏe
Tiến Linh: 'Việt Nam sẽ thắng giòn giã tuyển Lào',Thể thao
Dừa tươi đắt gấp đôi vì nhu cầu xuất khẩu,Kinh doanh
Người đàn ông đột tử vì uống quá nhiều nước,Sức khỏe
Bé 3 tuổi bị chó cắn tổn thương mặt,Sức khỏe
5 cách dùng quế đơn giản giúp giảm cholesterol,Sức khỏe
Xuất khẩu rau quả giảm 3 tháng liên tiếp,Kinh doanh
Robinho làm gì trong năm đầu ngồi tù,Thể thao
Đề xuất giảm 2% thuế thu nhập với doanh nghiệp nhỏ và vừa,Kinh doanh
Váy áo giúp Lý Nhã Kỳ 'ăn gian' tuổi,Giải trí
Giá tín chỉ carbon tự nguyện Trung Quốc tăng cao khi mở lại sàn giao dịch,Kinh doanh
Hai trường chuyên công bố lịch thi thử lớp 10,Giáo dục
Võ Hoài Nam: 'Tôi và vợ tận hưởng hôn nhân',Giải trí
Biến đại dương thành công cụ thu giữ carbon,Kinh doanh
Cô bán bánh bao học tiếng Anh gây sốt mạng xã hội,Giáo dục
Sao 'Ngôi nhà nhỏ trên thảo nguyên' qua đời,Giải trí
AI đang 'kéo lùi sự tiến bộ của smartphone',Công nghệ
Google ra hai nền tảng chung cho robot,Công nghệ
Gần 20 đại học công bố mức quy đổi điểm IELTS năm 2025,Giáo dục
Dàn sao dự kiến dự đám cưới tỷ phú Jeff Bezos,Giải trí
"Hậu trường quay MV gây sốt của Soobin, Thanh Thủy",Giải trí
Mô hình ba mẫu iPhone 17 lộ diện,Công nghệ
Đầu mối gom vàng 'chợ đen' hơn giá niêm yết vài triệu một lượng,Kinh doanh
Hôm nay đóng cổng đề cử Vietnam Game Awards 2025,Công nghệ
Điều hòa có khả năng kiểm soát độ ẩm 65%,Công nghệ
Ronaldo nhận thêm kỷ lục Guinness,Thể thao
'A Real Pain' - nỗi đau từ quá khứ,Giải trí
Việt Nam thắng dễ trận ra quân vòng loại Asian Cup,Thể thao
Đạo diễn phim nỗ lực tái hiện thế giới trò chơi 'Minecraft',Giải trí
Triển lãm tranh của nhóm học sinh tài năng Vinschool,Giáo dục
Hãng trang sức vàng Trung Quốc ăn nên làm ra,Kinh doanh
Tìm mọi cách diệt muỗi,Sức khỏe
Tiền vệ Marselino: 'Tuyển Indonesia khó đồng điệu',Thể thao
Có thể đẩy sớm kỳ thi tốt nghiệp THPT từ 2026,Giáo dục
Apple ra iPad Air dùng chip M3 giá từ 17 triệu đồng,Công nghệ
Hậu vệ sút phạt giúp Anh đại thắng ở vòng loại World Cup,Thể thao
Google chi 32 tỷ USD thâu tóm công ty an ninh mạng,Công nghệ
"Mbappe, Vinicius nguy cơ lỡ đại chiến Arsenal ở Champions League",Thể thao
OpenAI ra o1-Pro - mô hình AI lý luận đắt nhất,Công nghệ
Thiết bị 5G Việt Nam lần đầu dùng cho mạng nước ngoài,Công nghệ
Dự kiến học sinh TP HCM được chọn đến 8 nguyện vọng lớp 10,Giáo dục
Công cuộc xây dựng hồ thủy điện Trị An qua tranh vẽ,Giải trí
CEO Nguyễn Văn Tuấn: Gelex sẽ không điều hành Eximbank,Kinh doanh
Cơ thủ Quốc Hoàng tiến gần lịch sử ở Premier League Pool,Thể thao
"DOL English đồng hành sân chơi khoa học, kỹ thuật VISEF",Giáo dục
Ngành Kỹ thuật Y sinh có hợp với nữ không?,Giáo dục
5 phương thức tuyển sinh của Đại học Sư phạm Hà Nội 2,Giáo dục
Nghệ sĩ ôn kỷ niệm làm phim thời chiến,Giải trí
Mốt đàn ông mang giày cao gót nở rộ,Giải trí
Công ty được định giá 250 triệu USD nhờ robot đấm bóp,Công nghệ
"Dàn sao mặc cổ phục, nhảy flashmob cùng bạn trẻ",Giải trí
"Siêu béo phì do mang gene 'thèm ăn, tích mỡ'",Sức khỏe
Hưng Thịnh thoái vốn khỏi Vietravel,Kinh doanh
Kiến nghị tăng mức phạt vi phạm an toàn thực phẩm,Sức khỏe
HLV nữ TP HCM: 'Thắng ngược sau khi bị dẫn 0-3 là không tưởng',Thể thao
"Chiến lược giúp Grab tăng trưởng trong giao đồ ăn, đi chợ online",Kinh doanh
Có con sau 18 lần chuyển phôi thụ tinh ống nghiệm thất bại,Sức khỏe
Sàng lọc trước sinh phát hiện thai nhi sứt môi hở hàm,Sức khỏe
Đời sống TP HCM về đêm qua ống kính,Giải trí
Cơn sốt tạo ảnh hoạt hình AI phong cách Ghibli bằng ChatGPT,Công nghệ
CEO Nvidia: 'Cách mạng robot hình người gần hơn tưởng tượng',Công nghệ
"Xiaomi huy động gần 5,3 tỷ USD mở rộng kinh doanh",Kinh doanh
Robot hình người sẽ làm việc nhóm như thế nào,Công nghệ
Nhà máy xe điện của Hyundai tại Mỹ không bị tác động bởi thuế nhập khẩu,Kinh doanh
Haaland giúp Na Uy toàn thắng tại vòng loại World Cup 2026,Thể thao
Cổ phiếu Vingroup chạm trần,Kinh doanh
Nhà đầu tư thận trọng hơn về giá vàng tuần này,Kinh doanh
"Cổ phiếu ngân hàng, bất động sản bị bán mạnh",Kinh doanh
'Nosferatu' - tình tay ba giữa người và quỷ,Giải trí
'U22 Việt Nam có thể đã vô địch nếu không phải trọng tài Trung Quốc',Thể thao
5 lầm tưởng về chóng mặt,Sức khỏe
Bổ sung nhiều kẽm giúp tăng sinh lý?,Sức khỏe
Hơn một nửa CLB Ngoại hạng Anh có thể dự Cup châu Âu,Thể thao
Chuỗi cà phê lớn nhất Việt Nam lãi hơn nghìn tỷ,Kinh doanh
'Cơn sốc điện' khi ngưng thuốc trầm cảm đột ngột,Sức khỏe
Phim của Robert De Niro lỗ nặng,Giải trí
Việt Nam cầm hòa Uzbekistan ở giải giao hữu U22,Thể thao
Ông Vũ Văn Tiền rút đơn từ nhiệm Thành viên HĐQT ABBank,Kinh doanh
HLV Kim Sang-sik vẫn tiếc dù thắng đậm Lào,Thể thao
Giải thể Ủy ban Quản lý vốn nhà nước tại doanh nghiệp,Kinh doanh
Phim 'Nàng Bạch Tuyết' nguy cơ lỗ nặng,Giải trí
Học ngành Năng lượng tái tạo có dễ kiếm việc không?,Giáo dục
"Nhiều tỉnh, thành đề xuất thi tốt nghiệp THPT sớm ba tuần",Giáo dục
Sắp có nhiều chính sách hỗ trợ doanh nghiệp công nghệ,Công nghệ
Hôn nhân ngọt ngào của Chân Tử Đan,Giải trí
Apple cân nhắc tạo iPhone không cổng kết nối,Công nghệ
ChatGPT có thể khiến người sử dụng nhiều cảm thấy cô đơn,Công nghệ
Mbappe được dựng tượng ở Anh,Thể thao
"Chữa ngứa bằng dịch kiến ba khoang, nam thanh niên nhập viện",Sức khỏe
Hắng giọng thường xuyên có phải mắc bệnh?,Sức khỏe
"4 từ tiếng Anh về sắp xếp, tinh gọn",Giáo dục
Minh tinh Nhật có nhan sắc 'được ngưỡng mộ nhất',Giải trí
Dàn diễn viên 'Địa đạo' rèn thể lực,Giải trí
Bản ghi 'JD Vance nói xấu Musk' phơi bày nạn deepfake,Công nghệ
Phó thủ tướng muốn tập đoàn Anh đầu tư vào trung tâm tài chính quốc tế Việt Nam,Kinh doanh
Vẻ xuân sắc của 'Thiện nữ u hồn' Vương Tổ Hiền,Giải trí
Chuyên gia Indonesia lạc quan dù thua đậm Australia,Thể thao
"iPhone 17 Air có thể mỏng 5,44 mm",Công nghệ
6 thay đổi lối sống đẩy lùi nguy cơ đột quỵ,Sức khỏe
Truyền ối giữ thai nhi thêm 14 tuần,Sức khỏe
Mỹ nhân 'Giày thủy tinh' ghi điểm với phong cách thanh lịch,Giải trí
Asus phát triển laptop AI siêu nhẹ,Công nghệ
Thứ trưởng Giáo dục: Đưa AI vào trường phổ thông,Giáo dục
Nữ sinh lớp 11 đạt 9.0 IELTS,Giáo dục
"Điều gì xảy ra khi hormone estrogen, testosterone giảm?",Sức khỏe
Nghệ sĩ ngâm thơ Vũ Thị Kim Dung qua đời,Giải trí
Thêm phương án đấu giá băng tần 5G nếu một đơn vị tham gia,Công nghệ
Ai dễ bị nhồi máu cơ tim?,Sức khỏe
Việt Nam có mấy tỉnh nhỏ hơn 1.000 km2?,Giáo dục
Biến chứng sởi ở trẻ sơ sinh,Sức khỏe
Bảng của Chelsea tại FIFA Club World Cup bị xáo trộn,Thể thao
Trung Quốc tan mộng giành vé trực tiếp dự World Cup 2026,Thể thao
FPT Telecom đặt mục tiêu lãi kỷ lục năm 2025,Kinh doanh
CEO Bybit: Pi Network nguy hiểm hơn meme coin,Công nghệ
Bữa tối có nên 'ăn như ăn mày'?,Sức khỏe
Lý do phim 'Khi cuộc đời cho bạn quả quýt' thu hút khán giả,Giải trí
'Chứng khoán khó bị bán tháo ồ ạt',Kinh doanh
Những điểm mới của Vietnam Game Awards 2025,Công nghệ
Tắc ruột sau phẫu thuật sa trực tràng,Sức khỏe
"Kiến nghị lùi thời gian sàn online kê khai, nộp thuế thay người bán",Kinh doanh
Tây Ban Nha vào bán kết Nations League sau loạt luân lưu,Thể thao
Thai phụ kiệt sức do ốm nghén,Sức khỏe
Trường Đại học Mỏ - Địa chất tăng gấp đôi số tổ hợp xét tuyển,Giáo dục
Hòa Phát đặt mục tiêu doanh thu kỷ lục năm nay,Kinh doanh
Victor Vũ dùng 1.000 bộ cổ phục quay 'Thám tử Kiên',Giải trí
Google từ bỏ trợ lý ảo Assisstant,Công nghệ
Raphinha: 'Brazil sẽ hạ nhục Argentina',Thể thao
Ứng dụng AI dịch chữ trong ảnh của kỹ sư Việt,Công nghệ
Hàng chục học sinh ở TP Thủ Đức nghi ngộ độc thực phẩm,Sức khỏe
Ông Trump tiếp tục giục Fed giảm lãi suất,Kinh doanh
Corsair K70 Pro TKL - bàn phím game tốc độ cao giá bốn triệu đồng,Công nghệ
Sách về khai phá 'miền xuất sắc' của con người,Giải trí
8 thói quen tắm tốt cho da,Sức khỏe
Phương án đàm phán mua TikTok của Mỹ,Kinh doanh
Pedri: 'Tây Ban Nha chẳng ngán bất cứ đối thủ nào',Thể thao
ChatGPT thêm khả năng tạo ảnh 'như thật',Công nghệ
Bệnh lao phổi có thể chữa khỏi không?,Sức khỏe
Việt Hoa: 'Tôi sẽ nghỉ đóng phim vài năm khi có con',Giải trí
Chủ tịch TP HCM: Ăn nhậu ở vỉa hè không phải kinh tế đêm,Kinh doanh
Tiền đạo Ngoại hạng Anh bị phạt thẻ vì ký tặng CĐV giữa trận,Thể thao
Khả năng tự đứng 'đáng nể' của robot hình người,Công nghệ
Lịch trình 48 giờ du lịch - chạy bộ ở Huế,Thể thao
Tỉnh nào có tượng Phật nằm lớn nhất Việt Nam?,Giáo dục
Nhóm rock Nhật lôi cuốn khán giả Việt,Giải trí
Tỉnh nào có quy mô kinh tế lớn nhất cả nước?,Giáo dục
Phó thủ tướng đề nghị Thâm Quyến chia sẻ kinh nghiệm phát triển kinh tế tư nhân,Kinh doanh
Đề xuất luật hóa quy định bảo vệ dữ liệu vị trí,Công nghệ
iPhone 16e - giá thấp nhưng không dành cho số đông,Công nghệ
Mỹ nhân Hollyood tỏa sáng với những bộ đầm Versace,Giải trí
HLV Brazil chê tiền đạo Real thấp,Thể thao
7 lợi ích từ thói quen ăn ít đường,Sức khỏe
Giá vàng có thể lên 3.500 USD nếu bất ổn kinh tế tăng,Kinh doanh
Bất ngờ phát hiện mắc hội chứng tim dễ gây đột tử,Sức khỏe
Kiếm chục nghìn USD từ game 'tạo bằng vài câu lệnh AI',Công nghệ
Váy áo thổ cẩm giúp H'Hen Niê ghi điểm,Giải trí
Làm thế nào giảm đau đầu do tăng huyết áp?,Sức khỏe
Bộ trưởng Mỹ bị chỉ trích vì khuyên mua cổ phiếu doanh nghiệp Elon Musk,Kinh doanh
"Bất thường mạch máu, dây rốn khiến thai nhi gặp nguy",Sức khỏe
Người Việt chưa nới hầu bao,Kinh doanh
Cuộc đua 'trường sinh bất lão' của giới siêu giàu,Sức khỏe
"Tỉnh nào có cao tốc nối ba khu kinh tế, sân bay và cửa khẩu quốc tế?",Giáo dục
'Ban mai thơm mắt nắng' - bản hòa ca cuộc sống,Giải trí
Trường phổ thông dự kiến đưa bán dẫn vào chương trình,Giáo dục
"Thủ tướng muốn doanh nghiệp Mỹ tăng rót vốn vào công nghệ cao, AI ở Việt Nam",Kinh doanh
Bộ trưởng Mỹ bị chỉ trích vì khuyên mua cổ phiếu doanh nghiệp Elon Musk,Kinh doanh
"Con trai 18 tuổi, ham học của ca sĩ Hoàng Bách",Giải trí
Tiết Cương sắp đón con đầu lòng ở tuổi 52,Giải trí
Tại sao ho lâu ngày không khỏi?,Sức khỏe
"Người đàn ông bỏ việc, đi hát xẩm",Giải trí
Cầu thủ Thổ Nhĩ Kỳ và Hungary khẩu chiến,Thể thao
'Chấn chỉnh dạy thêm giúp giảm tiêu cực trong xét tuyển học bạ',Giáo dục
Tỉnh nào ở miền Nam chỉ có 4 huyện?,Giáo dục
Khi nào máy tính lượng tử thành hiện thực?,Công nghệ
iSMART Education đồng hành thế hệ trẻ Việt Nam trong kỷ nguyên AI,Giáo dục
Người dùng Hà Nội trải nghiệm độ bền Oppo A5 Pro,Công nghệ
"4 món ăn làm chậm lão hóa, kéo dài tuổi thọ",Sức khỏe
Sự khác biệt giữa robot hình người Mỹ và Trung Quốc,Công nghệ
Những đường lây sùi mào gà cho trẻ nhỏ,Sức khỏe
"Ăn táo có giảm nguy cơ bệnh tim mạch, tiểu đường?",Sức khỏe
Thị trấn không rác ở Nhật Bản,Kinh doanh
Hòa Phát muốn có 42 ha đất để đầu tư dự án sản xuất đường ray,Kinh doanh
Đại học Quốc gia Hà Nội tuyển hơn 20.000 sinh viên,Giáo dục
Lưu Gia Linh diện mốt bra top,Giải trí
Sao Hollywood kêu gọi chính phủ bảo vệ tác phẩm khỏi AI,Giải trí
Tàu nhà hàng trên sông Sài Gòn bị bán đấu giá thu nợ,Kinh doanh
Bệnh viện Từ Dũ chuyển giao công nghệ nha khoa từ Nhật Bản,Sức khỏe
5 điều nên làm mỗi ngày để giảm hôi miệng,Sức khỏe
Khi nào điều trị ung thư phổi bằng liệu pháp nhắm trúng đích?,Sức khỏe
Ảnh AI - công cụ 'câu like' trên mạng xã hội,Công nghệ
Flick bất bình khi Barca đá 7 trận trong 20 ngày,Thể thao
Nam sinh đỗ loạt công ty công nghệ nhờ AI gian lận tự chế,Giáo dục
TP HCM tăng 7 bậc xếp hạng trung tâm tài chính toàn cầu,Kinh doanh
Bốn mô hình AI nổi bật của Trung Quốc,Công nghệ
Tác nhân AI khác gì chatbot AI tạo sinh hiện tại?,Công nghệ
4 sai lầm phổ biến khi đi bộ gây đau và tăng cân,Sức khỏe
Cuộc ngược dòng khó tin của CLB nữ TP HCM,Thể thao
Số giải học sinh giỏi lớp 9 của TP HCM giảm,Giáo dục
TP HCM muốn doanh nghiệp bớt phụ thuộc vào sàn bán online nước ngoài,Kinh doanh
HLV Kim Sang-sik vẫn tiếc dù thắng đậm Lào,Thể thao
'Công chúa út' Huawei quảng bá smartphone gập dáng lạ,Công nghệ
TP HCM công bố hết dịch sởi ở 22 phường,Sức khỏe
Đóng góp của Grab cho nền kinh tế,Kinh doanh
Djokovic tích cực 'cày' Masters 1000,Thể thao
Dịch tễ bệnh lao ở Việt Nam 'rất nặng nề',Sức khỏe
Trường Đại học CMC tiếp tục tặng laptop cho 100% sinh viên,Giáo dục
5 món ăn nhẹ giàu canxi giúp trẻ phát triển xương,Sức khỏe
"De Minaur: 'Alcaraz hay hơn Djokovic, Sinner'",Thể thao
Mắc zona thần kinh có cần kiêng hải sản không?,Sức khỏe
Lệnh ẩn trong chip Bluetooth trên hàng triệu thiết bị IoT,Công nghệ
FPT Telecom đặt mục tiêu lãi kỷ lục năm 2025,Kinh doanh
iPhone gập có thể sử dụng bản lề kim loại lỏng,Công nghệ
Brazil lại 'cầu cứu' Ancelotti,Thể thao
Một doanh nghiệp ở châu Phi muốn mua hơn 2.100 container,Kinh doanh
Vương Diễm 'Hoàn Châu cách cách' tái xuất,Giải trí
'Yêu cầu học sinh giỏi mới được học bán dẫn sẽ gây thiếu nhân lực',Giáo dục
Chuyên gia Hà Lan: 'Sức mạnh tuyển Indonesia bị cường điệu',Thể thao
Vì sao Brazil cần HLV nước ngoài chất lượng?,Thể thao
"Cầu thủ Argentina đếm cup, hạ nhục Rodrygo",Thể thao
Giảm gần 1.000 chỉ tiêu vào 20 trường quân đội,Giáo dục
Điều gì xảy ra khi mắc bệnh lao?,Sức khỏe
Loạn giá mận hậu đầu mùa,Kinh doanh
Các mô hình AI nổi bật hiện nay,Công nghệ
"TCL, Hisense bị kiện liên quan đến TV QLED",Công nghệ
Vợ diễn viên Công Lý phối đồ với 5 túi hiệu,Giải trí
'Ma trận' TV công nghệ chấm lượng tử QLED,Công nghệ
Đường tới những công ty bán dẫn hàng đầu thế giới của kỹ sư người Việt,Giáo dục
Nghiên cứu thành công vaccine mới chống lại 4 loại ung thư,Sức khỏe
Trang phục biểu tượng của các tỷ phú công nghệ,Công nghệ
Chelsea chấp nhận bị phạt tiền để trả Sancho về Man Utd,Thể thao
212 dự án của học sinh thi khoa học kỹ thuật cấp quốc gia,Giáo dục
'Mickey 17' - người nhân bản,Giải trí
Ben Affleck nói về vụ ly hôn Jennifer Lopez,Giải trí
Nhà vô địch Club World Cup được thưởng 125 triệu USD,Thể thao
10 cô vợ tài sắc của các ngôi sao bóng đá,Thể thao
Số vụ tấn công bằng trojan ngân hàng trên smartphone tăng 196%,Công nghệ
Ba nhóm người lớn cần phòng sởi,Sức khỏe
"FPT giới thiệu camera có nút bấm đa năng, đàm thoại chủ động",Công nghệ
Xe cứu thương chở diễn viên đi sự kiện 'hoạt động không phép',Sức khỏe
Chuyên gia: Doanh nghiệp tư nhân cần được giao những dự án lớn,Kinh doanh
12 dự án giành giải nhất cuộc thi khoa học kỹ thuật quốc gia,Giáo dục
Bỏ rượu có trị được xuất tinh sớm?,Sức khỏe
Hầu hết mọi người sẽ nhiễm HPV trong cuộc đời,Sức khỏe
"Phạm Anh Khoa, Dzung hát về tình yêu quê hương",Giải trí
Hoa hậu Ý Nhi đóng MV cổ trang của Đan Trường,Giải trí
'Gặp nhau cuối tuần' đổi mới gây tranh cãi,Giải trí
Pháp ngược dòng loại Croatia ở Nations League,Thể thao
Gần 30% trường tiểu học Hàn Quốc dùng sách giáo khoa AI,Giáo dục
AI đang tác động đến công việc của những ai?,Công nghệ
Chỉ số PEG là gì?,Kinh doanh
Mỹ tìm cách giảm phụ thuộc GPS,Công nghệ
Sức ép của BYD lên Tesla,Kinh doanh
"Nên chọn ngành Kinh tế, Hóa sinh hay Kỹ thuật",Giáo dục
Jackpot hơn 186 tỷ đồng tìm được chủ nhân,Kinh doanh
Hai tháng nỗ lực cứu người nhiễm trùng nặng van tim,Sức khỏe
Cổ Thiên Lạc hạ cátxê vẫn không có phim đóng,Giải trí
Nhân viên Đạm Cà Mau thu nhập bình quân 55 triệu đồng mỗi tháng,Kinh doanh
Thùy Tiên: 'Tôi hối hận vì quảng cáo sai sự thật',Giải trí
Tổng Bí thư Tô Lâm: Hiệp hội Dữ liệu Quốc gia là ngôi nhà chung của hiệp sĩ số,Công nghệ
Chi 1.400 USD thuê robot hình người làm việc nhà,Công nghệ
"'Quái kiệt' Lê Viết Quốc: Làm AI cần sáng tạo, đừng vội vã chạy theo",Công nghệ
ĐH Giao thông vận tải xây chương trình mới ngành đường sắt và bán dẫn,Giáo dục
Chứng khoán giảm phiên thứ hai liên tiếp,Kinh doanh
Bách Hóa Xanh trở lại mở mới cửa hàng mỗi ngày,Kinh doanh
Taseco Land rót 210 tỷ lập công ty khu công nghiệp tại Hải Phòng,Kinh doanh
Đóng góp của Grab cho nền kinh tế,Kinh doanh
Nhịp tim chậm thế nào là bất thường?,Sức khỏe
Hôn nhân hạnh phúc của 'huyền thoại Hollywood',Giải trí
Lợi ích khi ăn táo bỏ vỏ,Sức khỏe
Apple được bán iPhone 16 trở lại tại Indonesia,Công nghệ
Chốt lịch thi tốt nghiệp THPT 2025,Giáo dục
Nghề pacer cá nhân thịnh thành tại Trung Quốc,Thể thao
Học sinh Thái Lan được 'xõa tóc' sau nửa thế kỷ bị cấm,Giáo dục
Bán lẻ đua mở rộng kiếm doanh thu,Kinh doanh
Loạt nâng cấp dự kiến trên iPhone 17 Pro,Công nghệ
"Đề xuất Bộ Tài chính, Công an, Ngân hàng Nhà nước cùng quản lý sàn giao dịch tiền mã hóa",Kinh doanh
Bộ Y tế yêu cầu bệnh viện lên kịch bản ứng phó dịch sởi,Sức khỏe
"Smartphone AI tầm trung siêu bền, giá 7 triệu đồng",Công nghệ
'Pha giao cầu giành HC vàng của Việt Nam không chỉ là may mắn',Thể thao
Haaland gây ức chế với hai pha bỏ lỡ trong 10 giây,Thể thao
Giá vàng tăng hơn nửa triệu đồng,Kinh doanh
Học phí lớp 10 trường tư cao nhất gần 90 triệu đồng mỗi tháng,Giáo dục
5 cách giúp phái đẹp sống vui khỏe,Sức khỏe
Việt Nam tăng 5 bậc trên bảng FIFA,Thể thao
Ngôi sao Toán học Trung Quốc giải được bài toán hơn 100 tuổi,Giáo dục
Đề xuất thí điểm giao dịch chứng khoán được mã hóa trên sàn tài sản số,Kinh doanh
Huỳnh Như muốn tạo nên lịch sử cho bóng đá nữ Việt Nam,Thể thao
Lý Hải làm phim về 'mộng idol' của giới trẻ,Giải trí
"Hơn 11.000 thí sinh thi đánh giá năng lực, tranh suất vào đại học",Giáo dục
Tỉnh nào có tỷ lệ người dân sở hữu ôtô cao nhất cả nước?,Giáo dục
Bạn gái Leonardo DiCaprio lần đầu kể chuyện tình,Giải trí
Internet vệ tinh của Musk được 'thí điểm có kiểm soát' tại Việt Nam,Công nghệ
Chốt quy chế tuyển sinh đại học 2025,Giáo dục
Bốn năm đối diện bạo bệnh của nghệ sĩ Công Lý,Giải trí
Bớt bẩm sinh điều trị được không?,Sức khỏe
"Vĩnh biệt chồng chết não, người vợ 'xin cho em hiến tạng của anh'",Sức khỏe
TS Lê Duy Bình: Việt Nam thiếu doanh nghiệp quy mô vừa,Kinh doanh
iPhone sắp mất vị thế 'quân bài chủ lực' với Foxconn,Công nghệ
Gói cước 5G tại Việt Nam thấp nhất 10.000 đồng,Công nghệ
Cuộc chiến khốc liệt nhằm lôi kéo nhân tài AI,Công nghệ
'I'm Still Here' - nỗi lòng người vợ,Giải trí
Phẫu thuật '3 trong 1' chữa vô sinh cho người đàn ông 120 kg,Sức khỏe
Fernandes mừng trước khi Ronaldo sút phạt đền hỏng,Thể thao
Canada nới giấy phép làm việc cho du học sinh,Giáo dục
"Trường THCS Ngoại ngữ lần đầu tuyển thẳng, thi trên máy tính",Giáo dục
Tốc độ 5G của các nhà mạng được công khai,Công nghệ
HLV Kluivert: 'Indonesia sẽ tấn công từ đầu để hạ Bahrain',Thể thao
Giá USD ngân hàng tăng mạnh,Kinh doanh
Grab thúc đẩy chuyển đổi số thông qua hợp tác công - tư,Kinh doanh
Thế giới Di động lần đầu giảm số cổ phiếu phát hành ưu đãi ESOP,Kinh doanh
Học viện Ngoại giao tăng 4 tổ hợp xét tuyển,Giáo dục
HLV Scaloni: 'Argentina phải sẵn sàng khi thế hệ Messi giải nghệ',Thể thao
Điều kiện để Indonesia vào thẳng VCK World Cup 2026,Thể thao
7 món ăn màu tím có lợi cho sức khỏe tinh thần,Sức khỏe
"iOS 19 'đại tu' thiết kế, ra ngày 9/6",Công nghệ
Học sinh lớp 7 bị cô giáo cắt tóc giữa lớp,Giáo dục
Alcaraz thừa nhận chơi kém vì thể chất,Thể thao
Sao 'Ngôi nhà nhỏ trên thảo nguyên' qua đời,Giải trí
Concert của Taylor Swift là Tour diễn Thế kỷ,Giải trí
8 thói quen mỗi ngày giúp đi ngủ sớm,Sức khỏe
Đại học Dược Hà Nội công bố 4 phương thức xét tuyển,Giáo dục
Hội thảo Hiệu trưởng 4.0 ứng dụng AI trong quản lý và giảng dạy,Giáo dục
"Giá vàng lên sát đỉnh, vượt 100 triệu đồng một lượng",Kinh doanh
CNN Indonesia: 'Thảm bại trước Australia như liều thuốc đắng',Thể thao
'Ngọc nữ' Kim So Hyun diện họa tiết hoa ở Italy,Giải trí
Thủ môn nhận bàn thua vì quên mất vạch vôi,Thể thao
Audi sẽ giảm 7.500 việc làm,Kinh doanh
Tăng 60 kg trong hai năm do mắc chứng cuồng ăn,Sức khỏe
Nghìn fan mặc đồ truyền thống đi xem 'Anh trai vượt ngàn chông gai',Giải trí
Con trai Heidi Klum lần đầu lên bìa tạp chí,Giải trí
Phương pháp laser điều trị quầng thâm mắt,Sức khỏe
Xác định 4 đội vào bán kết UEFA Nations League,Thể thao
Robot của Trung Quốc nhảy theo phim 'Tuyệt đỉnh kungfu',Giải trí
Những cuốn sách về AI nên đọc,Giải trí
Taylor Swift là Nữ ca sĩ của thế kỷ 21,Giải trí
13 lựa chọn thay thế cà phê giúp bổ sung năng lượng,Sức khỏe
Elon Musk đấu khẩu với hãng game Ubisoft,Công nghệ
'A Complete Unknown' - lát cắt cuộc đời Bob Dylan,Giải trí
Sa sút trí tuệ ở người trẻ dễ nhầm stress,Sức khỏe
Trường chuyên Khoa học Tự nhiên bỏ tuyển thẳng lớp 10,Giáo dục
Hồng Nhung tập luyện đêm nhạc tưởng nhớ Trịnh Công Sơn,Giải trí
Kim Soo Hyun hủy sự kiện ở Đài Loan,Giải trí
"Nam sinh vừa đi học vừa nhặt ve chai, xin cơm thừa để nuôi heo",Giáo dục
Ông Trump áp thuế nhập khẩu 25% với toàn bộ xe hơi vào Mỹ,Kinh doanh
Chàng trai đạt 9.0 IELTS sau 8 lần thi,Giáo dục
Quốc Trường đóng phim kinh dị về 'thần giữ của',Giải trí
Học sinh chuyên Bắc Ninh tiếp tục dẫn đầu kỳ thi của Bách khoa Hà Nội,Giáo dục
HLV Lào mong mỏi thu hẹp cách biệt trình độ với Việt Nam,Thể thao
Xiaomi 15 - đối thủ của iPhone 16 Pro và Galaxy S25,Công nghệ
HLV Bahrain: 'Indonesia 300 triệu dân nhưng đội tuyển toàn Hà Lan',Thể thao
Hàng loạt sinh viên rút đơn xin visa du học Australia,Giáo dục
"Alvarez: 'Có Messi, Argentina sẽ ghi thêm 3 bàn vào lưới Brazil'",Thể thao
Argentina có thể dự World Cup dù toàn thua 5 trận còn lại,Thể thao
Smartphone hỗ trợ NFC giá hơn hai triệu đồng,Công nghệ
Thành viên Blackpink chúc sinh nhật Lisa,Giải trí
Việt Nam thuộc top đầu 'lạc quan về AI',Công nghệ
Mẹo đọc báo cáo tài chính dành cho đầu tư chứng khoán,Kinh doanh
Khảo sát: Bạn có nguy cơ mắc sốt xuất huyết?,Sức khỏe
Tượng Nữ thần Tự do là quà nước nào tặng Mỹ?,Giáo dục
Hamilton chia tay người đẹp hơn 12 tuổi,Thể thao
Tiền vệ Trung Quốc hứng chỉ trích vì đạp cầu thủ Việt Nam,Thể thao
Phó trưởng Ban trọng tài VFF bị miễn nhiệm,Thể thao
Các yếu tố khiến sốt xuất huyết lan rộng,Sức khỏe
Thần đồng Philippines thắng sốc tay vợt số hai thế giới,Thể thao
Phu nhân Thủ tướng Singapore diện áo dài tơ tằm,Giải trí
"iPhone 17 Air siêu mỏng nhưng 'phần camera dày 9,5 mm'",Công nghệ
Trần Thị Vui - HLV giúp cầu mây Việt Nam thâu tóm mọi danh hiệu,Thể thao
Phạm Tuấn Hải thất vọng vì xuống phong độ sau ASEAN Cup,Thể thao
"Sợ phẫu thuật, lỡ cơ hội vàng chữa ung thư",Sức khỏe
CĐV Liverpool đốt áo Alexander-Arnold,Thể thao
Intel tìm được CEO mới,Công nghệ
Những khoảnh khắc khó quên sau 5 mùa VnExpress Marathon Quy Nhơn,Thể thao
Cuộc thi Cosplay Contest 2025 mở cổng đăng ký,Công nghệ
Thầy giáo U90 tặng một tỷ đồng cho sinh viên Bách khoa Hà Nội,Giáo dục
"Thủ quân Idzes: 'Chúng tôi đều là người Indonesia, sinh ở Hà Lan'",Thể thao
"Bộ Khoa học và Công nghệ công bố 130 quyết định về công tác tổ chức, cán bộ",Công nghệ
Công trình trái phép ở nhà cổ Vương Hồng Sển bị dẹp bỏ,Giải trí
Ngân hàng toàn cầu đầu tiên đạt chuẩn giám sát khí hậu,Kinh doanh
Hàng nghìn du học sinh Mỹ lao đao vì bị cắt giảm học bổng,Giáo dục
"5 gia vị, thảo mộc giúp tăng đề kháng hô hấp",Sức khỏe
VN-Index tăng phiên thứ hai liên tiếp,Kinh doanh
Sản phụ ở cữ thế nào mùa nóng,Sức khỏe
Các nền kinh tế lớn tìm cách liên kết trước áp lực của ông Trump,Kinh doanh
"Cô giáo đánh học trò bị phạt hơn 3,7 triệu đồng",Giáo dục
Vàng 'thắng đậm' trước chứng khoán,Kinh doanh
Dàn diễn viên gây bức xúc khi đi xe cứu thương đến sự kiện,Giải trí
Hanwha Life đẩy mạnh tài trợ cuộc thi về công nghệ thông tin,Kinh doanh
Doanh nhân Hàn Quốc làm CEO Sunshine Homes,Kinh doanh
"Học viện Tài chính bỏ xét điểm thi đánh giá năng lực, tư duy",Giáo dục
"Cẩm Vân: 'Tôi không thể hát sai nhạc Trịnh, dù chỉ một từ'",Giải trí
Cộng đồng 'dậy sóng' vì huy chương VnExpress Marathon Huế,Thể thao
U22 Việt Nam vuột chức vô địch ở Trung Quốc,Thể thao
Alcaraz thua sốc trận đầu Miami Mở rộng,Thể thao
Sự cố khiến làng chạy bộ Trung Quốc dậy sóng,Thể thao
Tranh cãi việc VĐV chuyển giới thắng áp đảo cự ly 400m nữ,Thể thao
Nhu cầu tuyển dụng lập trình viên lao dốc,Công nghệ
Chàng trai liệt tứ chi sau ăn pate bảo quản không đúng cách,Sức khỏe
"Tuchel chê Rashford, Foden",Thể thao
Nhà vườn của diễn viên Đại Nghĩa ở Đà Lạt,Giải trí
Phân biệt Let và Let's trong tiếng Anh,Giáo dục
Ông Trump dịu giọng về thuế nhập khẩu,Kinh doanh
Raphinha đổ lỗi cho phiên dịch sau tuyên bố hạ nhục Argentina,Thể thao
Màu ráy tai thế nào là bình thường?,Sức khỏe
"Tỉnh miền Bắc nào đạt cả ba tiêu chí về dân số, diện tích, đơn vị hành chính?",Giáo dục
Khí nhà kính CO2 cao nhất 800.000 năm,Kinh doanh
Nghệ sĩ Thanh Tuấn nhập viện cấp cứu,Giải trí
Bé gái mắc hội chứng Cushing do thuốc corticoid chữa dị ứng,Sức khỏe
Bé gái suýt mù vĩnh viễn do đục thủy tinh thể bẩm sinh,Sức khỏe
Uống sữa thế nào giảm bùng phát cơn gout,Sức khỏe
Yamal tiếp tục đáp trả cựu danh thủ Hà Lan,Thể thao
Tủ đồng hồ triệu USD của Madam Pang,Giải trí
Vì sao ung thư tiêu hóa ngày càng trẻ hóa?,Sức khỏe
Nữ sinh lớp 11 bị đánh nhập viện,Giáo dục
TCL giới thiệu mẫu máy lạnh mô phỏng gió tự nhiên,Công nghệ
Bé sơ sinh tắc ruột,Sức khỏe
Bí quyết sống thọ của cụ bà 104 tuổi,Sức khỏe
Gan bị tàn phá bởi trà thảo mộc không rõ nguồn gốc,Sức khỏe
5 món giàu chất chống oxy hóa tốt cho phổi,Sức khỏe
Giá xăng RON 95 vượt 20.000 đồng một lít,Kinh doanh
Sư thầy thủ khoa dạy tiếng Anh miễn phí,Giáo dục
"Nvidia ra siêu chip AI Vera Rubin, nền tảng cho robot hình người",Công nghệ
Nữ sinh thành thủ khoa thi đánh giá năng lực sau hơn một tháng ôn luyện,Giáo dục
Nữ sinh vùng biên giành học bổng hơn 10 tỷ đồng du học Mỹ,Giáo dục
Huyết áp của bạn có bình thường không?,Sức khỏe
Chủ tịch VIB: 'Ngân hàng đang tìm cổ đông chiến lược mới',Kinh doanh
Malaysia bổ sung 3 cầu thủ nhập tịch,Thể thao
Cứu sống cụ ông vừa nhồi máu cơ tim vừa nhồi máu não,Sức khỏe
6 món ăn người tiểu đường nên tránh,Sức khỏe
Thủ tướng đề nghị Skoda xây hệ sinh thái công nghiệp ôtô tại Việt Nam,Kinh doanh
"Ribery: 'Messi, Ronaldo không giỏi hơn tôi vào năm 2013'",Thể thao
Trung Quốc thắng Hàn Quốc ở giải giao hữu U22,Thể thao
Tiêm corticoid trị sẹo lồi,Sức khỏe
Đề xuất tăng số tiết dạy thêm trong trường học,Giáo dục
Hệ phương pháp giúp nhiều thành viên DOL English đạt IELTS 9.0,Giáo dục
10 nhóm ngành được cấp visa H-1B nhiều nhất ở Mỹ,Giáo dục
"Bộ Công an dự kiến xét thí sinh có IELTS 5.5, bỏ kết hợp học bạ",Giáo dục
Hai con gái chủ tịch OCB muốn bán gần 4% vốn ngân hàng,Kinh doanh
Sắc vóc cô gái Ninh Bình vào chung khảo Hoa hậu Việt Nam,Giải trí
Lindsay Lohan tái xuất ở phần hai 'Freaky Friday',Giải trí
Giảm 7 cm vòng eo sau một lần đông hủy mỡ,Sức khỏe
Phụ huynh lo lắng vì trường giới hạn suất thi vào lớp 6,Giáo dục
Ronaldo ghi bàn và hỏng phạt đền trong chiến thắng của Bồ Đào Nha,Thể thao
5 món ăn giàu kẽm giúp tăng miễn dịch,Sức khỏe
Runner Trung Quốc mất chức vô địch vì mừng sớm,Thể thao
Ba bệnh truyền nhiễm có thể bùng phát khi biến đổi khí hậu,Sức khỏe
Vì sao Thái Lan khiếu nại khi thua Việt Nam ở chung kết cầu mây?,Thể thao
Cơ quan ở Việt Nam rút ngắn thời gian tìm tài liệu nhờ AI,Công nghệ
4 hiểu lầm thường gặp về đường,Sức khỏe
Nhũ hoa sẫm màu khi mang thai có phải ung thư?,Sức khỏe
'Mùa hè có tuyết' - chuyến phiêu lưu của chú mèo,Giải trí
Mẹ 3 con 'lão hóa ngược' sau trút bỏ 27 kg mỡ,Sức khỏe
Robot hình người đầu tiên trên thế giới có thể 'bật tôm',Công nghệ
'Tiếng gọi chân trời' - phận đời long đong,Giải trí
FPT dự kiến chia thưởng cho cổ đông tổng tỷ lệ 35%,Kinh doanh
Các phương pháp điều trị hội chứng ống cổ chân,Sức khỏe
Bộ đôi Thụy Sĩ đến Việt Nam biểu diễn,Giải trí
"'Bậc tiểu học chưa cần quan tâm điểm số, thành tích'",Giáo dục
Thủ tướng: Nhiệm vụ cấp bách là phổ cập kỹ năng số cho toàn dân,Công nghệ
'Sàn bán lẻ online tăng phí tạo áp lực không nhỏ tới người bán',Kinh doanh
"Trẻ xem điện thoại có lợi, hại gì?",Sức khỏe
VinUni liên minh chiến lược với Đại học Công nghệ Nanyang,Giáo dục
CLB Nhật Bản trừ lương lãnh đạo vì thua đại diện Singapore,Thể thao
Trường chất lượng cao ở Hà Nội tuyển lớp 6 thế nào?,Giáo dục
'I'm Not a Robot' - công nghệ thách thức danh tính con người,Giải trí
Hàn Quốc cấp thị thực ưu tiên cho tiến sĩ đại học top 100 thế giới,Giáo dục
Nhiều người chơi 'than trời' khi tiền ảo Pi bị thu hồi,Công nghệ
Park Bo Gum - nghệ sĩ đa tài,Giải trí
Nhà sáng lập hệ thống Mai Nguyên qua đời,Công nghệ
HLV Shin Tae-yong: 'Cầu thủ Indonesia thiếu gắn kết',Thể thao
Quốc Hoàng lần đầu vào vòng hai Premier League Pool,Thể thao
Hòa Phát muốn có 42 ha đất để đầu tư dự án sản xuất đường ray,Kinh doanh
Sinh viên phản ứng vì học phí môn Giáo dục quốc phòng gần 24 triệu đồng,Giáo dục
Dồn dập lịch thi lớp 10 trường chuyên ở Hà Nội,Giáo dục
Giá vàng nhẫn lên 100 triệu đồng,Kinh doanh
Tác giả Mỹ nói Elon Musk 'bớt tiền nuôi con',Giải trí
Vì sao nam giới không thể mang thai?,Sức khỏe
"VIB ra mắt gói vay căn hộ, nhà phố 45.000 tỷ",Kinh doanh
"Galaxy A56 - cải tiến thiết kế, tích hợp AI",Công nghệ
Mỹ nữ đá bóng trong phim mới của Châu Tinh Trì,Giải trí
McLaren áp đảo tại Grand Prix Trung Quốc,Thể thao
9 đại học Việt Nam vào bảng xếp hạng thế giới theo ngành,Giáo dục
Hai người dùng 164 tài khoản thao túng cổ phiếu Phát Đạt,Kinh doanh
Oppo Find N5 - điện thoại 'gập mà như thanh',Công nghệ
Thời trang hẹn hò của tỷ phú Selena Gomez,Giải trí
Khoảnh khắc hạnh phúc của 'tiên đồng ngọc nữ' Thái Lan,Giải trí
Samsung kêu bị chậm hoàn thuế VAT hơn 580 tỷ đồng,Kinh doanh
Nửa triệu đồng chùm nho mẫu đơn nhân sâm Hàn Quốc,Kinh doanh
Hãng xe điện BYD lãi kỷ lục,Kinh doanh
Công nghệ tự hành trong bãi đỗ xe thông minh hơn 3.000 chỗ,Công nghệ
10 ngôi sao thể thao chuyển sang pickleball,Thể thao
Xiaomi Watch S4 - smartwatch 4 triệu đồng pin 15 ngày,Công nghệ
M3 Ultra - chip xử lý mạnh nhất Apple từng chế tạo,Công nghệ
Nam sinh trúng tuyển Imperial College London nhờ tư duy golf,Giáo dục
Redmi Note 14 Pro+ 5G - điện thoại AI tầm trung cấu hình mạnh,Công nghệ
Lưu Hiểu Khánh đóng vai người yêu của tài tử kém 38 tuổi,Giải trí
"Đăng Khôi, Khổng Tú Quỳnh kết hợp sau 14 năm",Giải trí
Lý do nhiều tài xế dịch vụ chuyển sang xe điện,Kinh doanh
Lung lay về ngành học vì lo bị AI thay thế,Giáo dục
Cô gái bị lừa nâng vòng một bằng collagen động vật giá 8 tỷ,Sức khỏe
Các quốc gia chật vật tắt sóng 2G thế nào,Công nghệ
Khắc Việt: 'Tôi không còn áp lực kinh tế',Giải trí
Thể dục đều đặn có thể giúp nam giới hạn chế 9 bệnh ung thư,Thể thao
Ronaldo: 'Hy vọng trận tới Hojlund sẽ thấy tôi mừng bàn thắng',Thể thao
Rối loạn lo âu bởi xuất tinh sớm tuổi đôi mươi,Sức khỏe
Dọn dẹp bộ nhớ Zalo trên máy tính,Công nghệ
Học chuyên Toán có nên vào ngành Định phí bảo hiểm?,Giáo dục
Antony: 'Áp lực bóng đá chẳng là gì so với khu ổ chuột',Thể thao
Hàng nghìn học sinh hào hứng tham gia hội chợ khoa học,Giáo dục
Điều nên làm khi huyết áp không giảm,Sức khỏe
Điều trị u mạch máu bằng laser được không?,Sức khỏe
Mẹ thông minh sinh con thông minh?,Sức khỏe
Tạp chí Nhật phát hành truyện của AI,Giải trí
Vì sao hắt hơi liên tục khi hít tiêu hay hành tây?,Sức khỏe
Làm thế nào phòng tắc nghẽn động mạch?,Sức khỏe
Phương pháp 'ăn như trẻ nhỏ' để giảm cân,Sức khỏe
Bộ Giáo dục ra câu hỏi phân loại trong đề thi tốt nghiệp THPT thế nào?,Giáo dục
"Cacao tăng giá gấp đôi, lên 260.000 đồng một kg",Kinh doanh
Bộ Giáo dục: Đột ngột dừng dạy thêm ảnh hưởng tâm lý học sinh,Giáo dục
Còn một tuần nhận đề cử Vietnam Game Awards 2025,Công nghệ
Loạt ngân hàng giảm lãi suất tiết kiệm,Kinh doanh
Mỹ nhân điền kinh lại gây tranh cãi dù lập kỷ lục Trung Quốc,Thể thao
Thành phố trẻ nhất Việt Nam thuộc tỉnh nào?,Giáo dục
Bộ Giáo dục: Không đổi lịch thi tốt nghiệp THPT 2025,Giáo dục
Váy áo gợi cảm của diễn viên đóng nàng Bạch Tuyết,Giải trí
Swiatek bị người đàn ông quấy rối ở Miami Mở rộng,Thể thao
Vì sao ngừng tim đột ngột?,Sức khỏe
"AI viết truyện ngắn, văn giới xôn xao",Giải trí
Bé trai béo phì nhưng thiếu máu,Sức khỏe
Doanh nghiệp Mỹ đầu tư cao tốc từ sân bay Long Thành đến Hồ Tràm,Kinh doanh
