Title,Category
Chủ tịch Bamboo Capital đột ngột qua đời,Kinh doanh
"Giáo viên bị truy thu, tính lãi hơn 4,6 tỷ đồng bảo hiểm",Giáo dục
Trường Đại học CMC tiếp tục tặng laptop cho 100% sinh viên,Giáo dục
Nữ sinh thành thủ khoa thi đánh giá năng lực sau hơn một tháng ôn luyện,Giáo dục
Linh kiện iPhone 17 Pro 'lộ từ nhà máy',Công nghệ
'Tập trung bỏ rào cản cho doanh nghiệp sẽ nhanh hơn sửa chính sách',Kinh doanh
"Tỉnh nào có cao tốc nối ba khu kinh tế, sân bay và cửa khẩu quốc tế?",Giáo dục
"Học viện Tài chính bỏ xét điểm thi đánh giá năng lực, tư duy",Giáo dục
Những điểm nhấn ở vòng 29 Ngoại hạng Anh,Thể thao
Bến xe miền Tây đặt mục tiêu lãi kỷ lục năm nay,Kinh doanh
Google ra mô hình AI Gemma 3 'siêu nhẹ',Công nghệ
Tưởng cúm hóa viêm họng do liên cầu khuẩn,Sức khỏe
Học cách thở giúp Draper đổi đời,Thể thao
Loạt dự án của các ông lớn địa ốc đổ bộ thị trường phía Bắc,Kinh doanh
Học sinh lo âu trước thay đổi xét tuyển đại học,Giáo dục
Giá vàng thế giới lên lại mốc 3.000 USD,Kinh doanh
5 món ăn uống buổi tối giúp ngủ ngon,Sức khỏe
Phim 'Quỷ nhập tràng' vượt 100 tỷ đồng,Giải trí
Các chuỗi ăn uống Trung Quốc phủ sóng Đông Nam Á,Kinh doanh
Giá vàng thế giới quay đầu giảm,Kinh doanh
Rapper Hàn Quốc B.I trình diễn loạt hit tại 'Road to 8Wonder',Giải trí
Điều gì xảy ra khi đường huyết cao?,Sức khỏe
"TCL, Hisense bị kiện liên quan đến TV QLED",Công nghệ
Corsair K70 Pro TKL - bàn phím game tốc độ cao giá bốn triệu đồng,Công nghệ
Cắt thận ngăn ung thư di căn,Sức khỏe
Tại sao nhịn ăn lại đau đầu?,Sức khỏe
Lưu Gia Linh diện mốt bra top,Giải trí
Học chuyên Toán có nên vào ngành Định phí bảo hiểm?,Giáo dục
First Stand 2025 lập đỉnh lượng người xem trực tuyến,Thể thao
Thời điểm uống cà phê giúp kéo dài tuổi thọ,Sức khỏe
Van Dijk lo Liverpool mất nốt Ngoại hạng Anh,Thể thao
Neville: 'Liverpool thua vì sai lầm chiến thuật',Thể thao
Việt Nam thuộc top đầu 'lạc quan về AI',Công nghệ
CEO Bybit: Chúng tôi được kỹ sư Việt 'hàng đầu thế giới' hỗ trợ,Công nghệ
Lindsay Lohan tái xuất ở phần hai 'Freaky Friday',Giải trí
Những 9X giúp bố mẹ đại gia quản lý cơ ngơi,Kinh doanh
Rắc rối từ đánh mất niềm tin an toàn của Boeing,Kinh doanh
Phim 'Nàng Bạch Tuyết' nhận mưa lời khen,Giải trí
Xuất huyết sau tiêm hormone tái chuyển giới từ nữ sang nam,Sức khỏe
Ngày ấy - bây giờ của 13 sao nhí Hàn Quốc,Giải trí
Cathay United Bank nhận giải thưởng quốc tế về ứng dụng ngân hàng,Kinh doanh
Giá vàng nhẫn lập kỷ lục gần 97 triệu đồng,Kinh doanh
Microsoft cảnh báo chiến dịch lừa đảo website đặt phòng,Công nghệ
Cuộc chiến thương mại có thể vượt tầm kiểm soát của Mỹ,Kinh doanh
Ngành Kỹ thuật Y sinh có hợp với nữ không?,Giáo dục
Cơ quan ở Việt Nam rút ngắn thời gian tìm tài liệu nhờ AI,Công nghệ
Nhiều mảnh đạn hơn 50 năm nằm trong mặt người đàn ông,Sức khỏe
Nam sinh đỗ loạt công ty công nghệ nhờ AI gian lận tự chế,Giáo dục
Váy áo thổ cẩm giúp H'Hen Niê ghi điểm,Giải trí
"Ông Trump sẽ không áp dụng miễn trừ với thuế nhôm, thép",Kinh doanh
'Kế hoạch đặc biệt' để kích cầu tiêu dùng của Trung Quốc,Kinh doanh
Amorim: 'Man Utd vẫn kém xa kỳ vọng của tôi',Thể thao
Quyết tâm chinh phục bán marathon của chàng IT dị tật xương,Thể thao
"Giảm 11 kg, giảm bệnh nền",Sức khỏe
Đề xuất đánh thuế 20% trên lãi chuyển nhượng bất động sản,Kinh doanh
Djokovic trở lại Miami Mở rộng sau sáu năm,Thể thao
Nhà khoa học của Đại học Duy Tân phát hiện loài rắn mới,Giáo dục
"'Quái kiệt' Lê Viết Quốc: Làm AI cần sáng tạo, đừng vội vã chạy theo",Công nghệ
Hoàng Thùy Linh: 'Tôi đang hạnh phúc',Giải trí
Dàn sao tuyển Pháp chưng diện ngày hội quân,Giải trí
Nhan sắc được khen ‘trẻ hơn tuổi thật’ của Eva Longoria,Giải trí
Làm sao biết máu của bạn lưu thông kém?,Sức khỏe
Sao Việt biến ga Metro thành 'sàn catwalk',Giải trí
Thủ tướng thăm tổ hợp bò thịt Việt - Nhật gần 1.700 tỷ đồng,Kinh doanh
Gần 1.000 người dự ngày hội 'Giấc Mơ Lọ Lem' của PNJ,Kinh doanh
Dọn dẹp bộ nhớ Zalo trên máy tính,Công nghệ
Việt Nam đối mặt 'chưa giàu đã già',Sức khỏe
Triển lãm tranh của nhóm học sinh tài năng Vinschool,Giáo dục
Những biến chứng nặng của bệnh sởi,Sức khỏe
Trung Quốc ra mắt quỹ đổi mới sáng tạo 11 tỷ USD,Công nghệ
Messi lỡ trận Argentina - Brazil,Thể thao
Việt Nam giành HC bạc billiard đồng đội thế giới,Thể thao
Sắc vóc cô gái Ninh Bình vào chung khảo Hoa hậu Việt Nam,Giải trí
Bộ Giáo dục ra câu hỏi phân loại trong đề thi tốt nghiệp THPT thế nào?,Giáo dục
Ibrahimovic được mời làm võ sĩ,Thể thao
Vừa chữa ung thư vừa trị lao phổi cho người đàn ông,Sức khỏe
'ByteDance sẽ bán TikTok tại Mỹ trước thời hạn 5/4',Công nghệ
Xây dựng bộ dữ liệu tiếng Việt mã nguồn mở phục vụ AI,Công nghệ
20 trường quân đội dự kiến sơ tuyển từ 25/3,Giáo dục
Khoảnh khắc hạnh phúc của 'tiên đồng ngọc nữ' Thái Lan,Giải trí
CLB mặc niệm nhầm cựu cầu thủ còn sống,Thể thao
10 mẫu túi biểu tượng được phụ nữ khao khát đầu năm,Giải trí
9 đại học Việt Nam vào bảng xếp hạng thế giới theo ngành,Giáo dục
VnExpress Marathon hợp tác thương hiệu thể thao Velosar,Thể thao
11 điều nên làm và tránh khi đau đầu gối,Sức khỏe
"Doanh nghiệp Việt - Mỹ ký hợp tác gần 4,2 tỷ USD",Kinh doanh
Thủ tướng đề xuất tập đoàn nước ngoài thúc đẩy chuyển giao công nghệ,Công nghệ
Smartphone hỗ trợ NFC giá hơn hai triệu đồng,Công nghệ
Vẻ xuân sắc của 'Thiện nữ u hồn' Vương Tổ Hiền,Giải trí
Draper giành Masters 1000 đầu tay,Thể thao
'A Complete Unknown' - lát cắt cuộc đời Bob Dylan,Giải trí
5 món ăn giàu vitamin B12 giúp não khỏe,Sức khỏe
Bộ Giáo dục: Đột ngột dừng dạy thêm ảnh hưởng tâm lý học sinh,Giáo dục
Google ra hai nền tảng chung cho robot,Công nghệ
Con trai ông Đặng Thành Tâm làm Phó tổng giám đốc Kinh Bắc,Kinh doanh
"Tỉnh miền Bắc nào đạt cả ba tiêu chí về dân số, diện tích, đơn vị hành chính?",Giáo dục
Bộ Giáo dục dự kiến 75 ngành đào tạo bán dẫn,Giáo dục
Nhồi máu cơ tim do bóc tách động mạch vành,Sức khỏe
Rò rỉ tham vọng tỷ USD của chủ kênh YouTube lớn nhất thế giới,Công nghệ
4 nhóm người cần nội soi dạ dày sớm,Sức khỏe
Mỹ nhân 'Vườn sao băng' ly hôn,Giải trí
Tham vọng đưa AI vào cuộc sống của Trung Quốc,Công nghệ
5 lần sảy thai bởi mắc hội chứng tự miễn,Sức khỏe
Quan hệ thường xuyên có thể ngừa ung thư tuyến tiền liệt?,Sức khỏe
Vietnam Airlines nối lại đường bay thẳng Hà Nội - Moskva,Kinh doanh
'Khó dỗ dành' - dư vị tình đầu,Giải trí
Thùy Tiên: 'Tôi hối hận vì quảng cáo sai sự thật',Giải trí
Ông Nguyễn Hồ Nam bị bán giải chấp gần 11 triệu cổ phiếu Bamboo Capital,Kinh doanh
"Hậu trường quay MV gây sốt của Soobin, Thanh Thủy",Giải trí
H'Hen Nie làm lễ cưới,Giải trí
Đại học Sài Gòn dự kiến cho thí sinh chọn môn để xét tuyển,Giáo dục
Cuộc gặp bí mật giữa Deschamps và Mbappe,Thể thao
Trường chuyên Sư phạm đổi cách tính điểm xét tuyển lớp 10,Giáo dục
PSG chạm tay vào danh hiệu thứ hai mùa này,Thể thao
Điều trị u gan trên nền xơ gan thế nào?,Sức khỏe
Cuộc chiến khốc liệt nhằm lôi kéo nhân tài AI,Công nghệ
Tỷ phú giàu thứ hai Hong Kong qua đời ở tuổi 97,Kinh doanh
Bữa sáng ăn gì tốt nhất?,Sức khỏe
Người mua nhà 'chê' các gói ưu đãi lãi vay,Kinh doanh
Vàng nhẫn trơn vượt 97 triệu đồng một lượng,Kinh doanh
Nữ sinh duy nhất là gương mặt trẻ tiêu biểu toàn quân,Giáo dục
Viêm mật cấp do sỏi,Sức khỏe
"Thanh Thủy, Soobin đóng tình nhân trong MV",Giải trí
Lợi ích của dưa hấu với thai phụ,Sức khỏe
Cầu thủ 38 tuổi đạt hiệu suất cao hơn Mbappe và Lewandowski,Thể thao
Làm thế nào phòng sẹo lồi?,Sức khỏe
Uống nước đá khi trời lạnh có gây ốm?,Sức khỏe
CEO Telegram rời Pháp,Công nghệ
Bộ trưởng Tài chính Mỹ: Không loại trừ nguy cơ kinh tế suy thoái,Kinh doanh
Trò chơi Pokemon Go thuộc về công ty Arab Saudi,Công nghệ
Apple cân nhắc tạo iPhone không cổng kết nối,Công nghệ
Hạt sâm Trung Quốc gắn mác 'Ngọc Linh' giá giảm một nửa,Kinh doanh
Messi giúp Inter Miami nối dài mạch bất bại,Thể thao
Phó thủ tướng mời Standard Chartered tham gia trung tâm tài chính quốc tế tại Việt Nam,Kinh doanh
Nhiều siêu thị dùng robot và AI phục vụ khách,Kinh doanh
'Yêu cầu học sinh giỏi mới được học bán dẫn sẽ gây thiếu nhân lực',Giáo dục
"Thắng Liverpool, Newcastle đoạt Cup Liên đoàn Anh",Thể thao
Thủ tướng đề nghị Airbus hỗ trợ phát triển công nghiệp hàng không tại Việt Nam,Kinh doanh
"Xiaomi sắp bán điều hòa, tủ lạnh tại Việt Nam",Công nghệ
Hai lãnh đạo Vinaconex xin rút khỏi HĐQT Vimeco,Kinh doanh
Trận đấu thay đổi lịch sử quyền Anh,Thể thao
Gỡ khó cho doanh nghiệp - chìa khóa để TP HCM tăng trưởng 10%,Kinh doanh
Trường Đại học Mỏ - Địa chất tăng gấp đôi số tổ hợp xét tuyển,Giáo dục
Mẹ một con sở hữu vòng eo con kiến nhờ tập tạ,Sức khỏe
Lynk Lee và dàn người đẹp tại Hoa hậu Chuyển giới,Giải trí
Hơn 50% số kỹ sư vi mạch bán dẫn tốt nghiệp từ ĐH Quốc gia TP HCM,Giáo dục
Đại học Quốc gia Hà Nội tuyển hơn 20.000 sinh viên,Giáo dục
Hoa hậu Đỗ Mỹ Linh làm sếp công ty nhà chồng,Kinh doanh
TS Christopher Nguyễn: Việt Nam đứng trước cơ hội nghìn năm có một,Công nghệ
Trung vệ Bùi Tiến Dũng: 'Không thể chủ quan trước Campuchia',Thể thao
Con trai ông Bùi Thành Nhơn muốn bán gần 3 triệu cổ phiếu Novaland,Kinh doanh
Học ngành Quan hệ quốc tế ở trường nào?,Giáo dục
"Nam sinh vừa đi học vừa nhặt ve chai, xin cơm thừa để nuôi heo",Giáo dục
Cô gái nhập viện vì chế độ ăn toàn thịt,Sức khỏe
'Mức giảm trừ gia cảnh không đủ nuôi con tại đô thị lớn',Kinh doanh
Kazuo Ishiguro: 'Sẽ đến lúc AI thao túng cảm xúc con người',Giải trí
Xiaomi Pad 7 - máy tính bảng tầm trung tích hợp AI,Công nghệ
Thành phố trẻ nhất Việt Nam thuộc tỉnh nào?,Giáo dục
Tài tử Kieran Culkin - chậm lại để thấy đam mê,Giải trí
Phó chủ tịch Marvell: Sinh viên bán dẫn cần 2-3 năm ở doanh nghiệp mới làm được việc,Giáo dục
DeepSeek đang len lỏi trong đời sống thế nào,Công nghệ
Điều dưỡng Mỹ 'chạy đua' với điều dưỡng AI,Sức khỏe
Andreeva lập kỷ lục khi vô địch BNP Paribas Open,Thể thao
Carlos Alcaraz thừa nhận tâm lý kém,Thể thao
212 dự án của học sinh thi khoa học kỹ thuật cấp quốc gia,Giáo dục
Giảm gần 1.000 chỉ tiêu vào 20 trường quân đội,Giáo dục
"'Bậc tiểu học chưa cần quan tâm điểm số, thành tích'",Giáo dục
Phó thủ tướng: Tháo 'chốt' cho kinh tế tư nhân phát triển,Kinh doanh
Salah bị chấm điểm 2 ở chung kết Cup Liên đoàn Anh,Thể thao
Học phí lớp 10 trường tư cao nhất gần 90 triệu đồng mỗi tháng,Giáo dục
Man Utd thắng đậm trận thứ hai liên tiếp,Thể thao
Mascherano: 'Không ai có thể bấm bóng ghi bàn kiểu Messi',Thể thao
Lợi ích khi ăn bông cải xanh thường xuyên,Sức khỏe
Hãng thời trang giá rẻ Forever 21 nộp đơn xin phá sản,Kinh doanh
Mbappe: 'Tôi mệt muốn chết',Thể thao
"Tử vong, tàn phế vì đột quỵ dù nhà gần viện",Sức khỏe
Chồng con tiễn biệt Từ Hy Viên trong mưa,Giải trí
VinUni liên minh chiến lược với Đại học Công nghệ Nanyang,Giáo dục
Tài sản của tỷ phú Trần Đình Long giảm,Kinh doanh
Nhân viên IT tạo 'công tắc' tắt hệ thống khi bị sa thải,Công nghệ
Barca thắng đậm Atletico sau khi bị dẫn hai bàn,Thể thao
Mỹ nhân Hollyood tỏa sáng với những bộ đầm Versace,Giải trí
Fernandes đáp trả lời chê bai của Roy Keane,Thể thao
Gwyneth Paltrow chi 60.000 USD mua áo len,Giải trí
Y tế Việt Nam chuyển đổi số 'đột phá nhưng chậm',Sức khỏe
Tác nhân AI khác gì chatbot AI tạo sinh hiện tại?,Công nghệ
Việt Nam có mấy tỉnh nhỏ hơn 1.000 km2?,Giáo dục
Nhà thơ Nguyễn Thụy Kha 'rong chơi' cùng nghệ thuật,Giải trí
7 sai lầm nên tránh khi chạy marathon,Thể thao
5 bài tập giãn cơ giúp phục hồi sau chạy bộ,Thể thao
Nữ sinh lọt top điểm Toán THCS cao nhất thế giới,Giáo dục
"Có thể thu hồi, điều chuyển nhà đất dôi dư sau sắp xếp bộ máy",Kinh doanh
'Căn cứ' đào tạo robot hình người lớn nhất thế giới,Công nghệ
5 món ăn nhẹ giàu omega 3 giúp trẻ thông minh,Sức khỏe
Slot: 'Liverpool khát khao không kém Newcastle',Thể thao
Mốt đàn ông mang giày cao gót nở rộ,Giải trí
AI đạt điểm tuyệt đối đề Toán cao cấp trong 5 phút,Giáo dục
10 tác phẩm văn học tiêu biểu của TP HCM 50 năm qua,Giải trí
Tỉnh nào ở miền Nam chỉ có 4 huyện?,Giáo dục
Indonesia tự tin sẽ hạ Australia sau 44 năm,Thể thao
Dàn sao 'Interstellar' sau hơn 10 năm,Giải trí
9 cách thưởng thức cà phê tốt cho sức khỏe,Sức khỏe
'Biết rộng để hiểu sâu' - tư duy linh hoạt,Giải trí
Chứng khoán Trung Quốc 'vĩ đại trở lại' nhờ ông Trump ra sao,Kinh doanh
'Cá mập' trăm tỷ USD VanEck muốn mở quỹ Bitcoin tại Việt Nam,Kinh doanh
Công ty của con trai ông Phạm Nhật Vượng tăng vốn gấp 10 lần,Kinh doanh
Fernandes có thuộc nhóm hay nhất Ngoại hạng Anh?,Thể thao
Phong cách thời trang của Công chúa Qatar,Giải trí
Đau ngực có phải dấu hiệu ung thư vú?,Sức khỏe
Châu Âu ghi nhận ca sởi cao nhất trong 25 năm,Sức khỏe
Thai nhi sinh non sa một chân ra ngoài,Sức khỏe
"Nhiều tỉnh, thành đề xuất thi tốt nghiệp THPT sớm ba tuần",Giáo dục
"Cổ phiếu ngân hàng, bất động sản giúp VN-Index tăng vọt",Kinh doanh
HLV Newcastle từng lo bị Liverpool kéo vào hiệp phụ,Thể thao
'Nickel Boys' - bi kịch trong trường giáo dưỡng,Giải trí
Nhiều người chơi 'than trời' khi tiền ảo Pi bị thu hồi,Công nghệ
Nghệ sĩ ôn kỷ niệm làm phim thời chiến,Giải trí
Thủ môn Nguyễn Đình Triệu trở lại tập luyện cùng tuyển Việt Nam,Thể thao
Giới trẻ khoe phong cách ở Tuần thời trang sinh viên,Giải trí
Doanh nghiệp bất động sản trở lại cuộc đua bán hàng,Kinh doanh
Cựu kỷ lục gia half marathon trốn kiểm tra doping,Thể thao
Indonesia sắp đưa tín chỉ carbon rừng lên sàn giao dịch,Kinh doanh
Lần đầu có chương trình trao đổi sinh viên với Đại học Thanh Hoa,Giáo dục
"Gia đình 9 người mắc ung thư, 8 người tử vong",Sức khỏe
"Hơn 11.000 thí sinh thi đánh giá năng lực, tranh suất vào đại học",Giáo dục
Minh tinh phim 'Rosetta' qua đời ở tuổi 44,Giải trí
Cặp sao Ukraine được ví như Vic-Beck,Giải trí
Bị ung thư đại tràng có nên kiêng rau củ?,Sức khỏe
Arteta tự hào khi bất bại gần 2 năm trước 'Big 6',Thể thao
Lý Băng Băng tận hưởng cuộc sống độc thân,Giải trí
Ramos nói ẩn ý về thẻ đỏ ở giải Mexico,Thể thao
Will Smith tái hiện điệu nhảy 'The Fresh Prince of Bel-Air',Giải trí
Mổ lấy thai kết hợp bóc tách u buồng trứng lớn,Sức khỏe
Món nào trẻ không nên ăn nhiều?,Sức khỏe
Bốn mô hình AI nổi bật của Trung Quốc,Công nghệ
Học sinh chuyên Bắc Ninh tiếp tục dẫn đầu kỳ thi của Bách khoa Hà Nội,Giáo dục
Bộ Y tế nhận nửa triệu liều vaccine sởi để chống dịch,Sức khỏe
Nữ sinh vùng biên giành học bổng hơn 10 tỷ đồng du học Mỹ,Giáo dục
Ngôi sao Toán học Trung Quốc giải được bài toán hơn 100 tuổi,Giáo dục
Giá iPhone 16 Pro Max 'chạm đáy mới',Công nghệ
"iPhone 17 Air siêu mỏng nhưng 'phần camera dày 9,5 mm'",Công nghệ
'Đổi mới sáng tạo không phải lựa chọn mà là yếu tố sống còn',Công nghệ
Điểm thi đánh giá năng lực ĐH Quốc gia Hà Nội đợt 1 cao nhất 126/150,Giáo dục
Tưởng làm việc quá sức hóa rối loạn giấc ngủ,Sức khỏe
Trung Quốc triệu tập gấp cầu thủ gốc Brazil,Thể thao
Sở Y tế TP HCM: Chưa có bằng chứng y khoa về 'lọc máu ngừa đột quỵ',Sức khỏe
Ứng dụng AI dịch chữ trong ảnh của kỹ sư Việt,Công nghệ
Hàng nghìn học sinh hào hứng tham gia hội chợ khoa học,Giáo dục
Ca sĩ gốc Việt Tuimi: 'Âm nhạc giúp tôi kết nối quê hương',Giải trí
10 quốc gia sở hữu vàng nhiều nhất thế giới,Kinh doanh
Nước nào có lò phản ứng hạt nhân đầu tiên ở Đông Nam Á?,Giáo dục
Bỏng da do tắm nắng,Sức khỏe
Cậu học trò 10 tuổi gây sốt khi hát dân ca,Giáo dục
Cuộc sống hiện tại của dàn diễn viên 'Về nhà đi con',Giải trí
Lewandowski chạm cột mốc của Messi,Thể thao
Hanwha Life Esports vô địch First Stand 2025,Thể thao
Chuyên gia cảnh báo mối nguy nếu Mỹ phủ nhận tác hại khí nhà kính,Kinh doanh
Việt Hoa: 'Tôi sẽ nghỉ đóng phim vài năm khi có con',Giải trí
4 kiểu đau đầu gối thường gặp khi chạy bộ,Thể thao
Thang Duy mặc đầm 'lá liễu ngày xuân',Giải trí
John Lennon được vinh danh trên đồng xu Anh,Giải trí
Tưởng đau lưng hóa ung thư phổi,Sức khỏe
Antony cùng Betis áp sát nhóm dự Champions League,Thể thao
Tài sản gia đình ông Bùi Thành Nhơn giảm 92% trong 3 năm,Kinh doanh
Đại học Kiến trúc TP HCM bỏ một phương thức xét tuyển,Giáo dục
Các quốc gia chật vật tắt sóng 2G thế nào,Công nghệ
Phong cách mặc 'Thủy thủ Mặt trăng' trỗi dậy,Giải trí
Intel tìm được CEO mới,Công nghệ
AI Agent thay đổi cách tương tác trên Internet thế nào,Công nghệ
Vietnam Game Awards 2025 thêm hai giải thưởng cho game Việt,Công nghệ
"Bộ Công an dự kiến xét thí sinh có IELTS 5.5, bỏ kết hợp học bạ",Giáo dục
Ung thư cổ tử cung do virus HPV,Sức khỏe
Đội đứng thứ 200 FIFA muốn gây bất ngờ trước Thái Lan,Thể thao
Tổng Bí thư đề nghị Tập đoàn năng lượng Mỹ tăng đầu tư tại Việt Nam,Kinh doanh
Bệnh viện Hoàn Mỹ Sài Gòn ký hợp tác Bệnh viện Ung bướu,Sức khỏe
6 việc nên làm để chấm dứt những đêm dài mất ngủ,Sức khỏe
Loạt công nghệ tự hành trong bãi đỗ hơn 3.000 ôtô,Công nghệ
Xuất khẩu hạt tiêu hai tháng đạt 4.700 tỷ đồng,Kinh doanh
Cầu thủ 25 tuổi qua đời khi cứu người ở thảm họa cháy,Thể thao
Bác sĩ bất lực trước nạn giả mạo trên TikTok,Sức khỏe
Nữ tiến sĩ nhận huân chương Cành cọ Hàn lâm,Giáo dục
Giá vàng có thể tiếp tục vượt 3.000 USD,Kinh doanh
Google từ bỏ trợ lý ảo Assisstant,Công nghệ
Khi nào máy tính lượng tử thành hiện thực?,Công nghệ
Trường chuyên Khoa học Tự nhiên bỏ tuyển thẳng lớp 10,Giáo dục
Đề xuất luật hóa quy định bảo vệ dữ liệu vị trí,Công nghệ
Bị thoái hóa cổ chân do gout có nên chạy bộ?,Sức khỏe
Hàng loạt sinh viên rút đơn xin visa du học Australia,Giáo dục
